illustration_id,subject,family,prompt,negative_prompt
biker__hero,Biker,hero,"bold flat vector illustration, a chopper motorcycle in three-quarter view, long forks, ape hangers, thick confident linework, limited palette of four flat spot colours on black, high contrast, screen-print separation, strong silhouette readable at arm's length, centred composition, isolated on solid black, no text, no lettering, no watermark, no gradient mesh, t-shirt graphic","text, letters, words, watermark, signature, photorealistic, 3d render, soft gradients, drop shadow, busy background, clutter, low contrast"
biker__hero__at_sunset,Biker,hero_scene,"bold flat vector illustration, a chopper motorcycle in three-quarter view, long forks, ape hangers, at sunset, thick confident linework, limited palette of four flat spot colours on black, high contrast, screen-print separation, strong silhouette readable at arm's length, centred composition, isolated on solid black, no text, no lettering, no watermark, no gradient mesh, t-shirt graphic","text, letters, words, watermark, signature, photorealistic, 3d render, soft gradients, drop shadow, busy background, clutter, low contrast"
biker__hero__in_a_storm,Biker,hero_scene,"bold flat vector illustration, a chopper motorcycle in three-quarter view, long forks, ape hangers, in a storm, thick confident linework, limited palette of four flat spot colours on black, high contrast, screen-print separation, strong silhouette readable at arm's length, centred composition, isolated on solid black, no text, no lettering, no watermark, no gradient mesh, t-shirt graphic","text, letters, words, watermark, signature, photorealistic, 3d render, soft gradients, drop shadow, busy background, clutter, low contrast"
biker__hero__on_a_mountain,Biker,hero_scene,"bold flat vector illustration, a chopper motorcycle in three-quarter view, long forks, ape hangers, on a mountain, thick confident linework, limited palette of four flat spot colours on black, high contrast, screen-print separation, strong silhouette readable at arm's length, centred composition, isolated on solid black, no text, no lettering, no watermark, no gradient mesh, t-shirt graphic","text, letters, words, watermark, signature, photorealistic, 3d render, soft gradients, drop shadow, busy background, clutter, low contrast"
biker__hero__by_the_coast,Biker,hero_scene,"bold flat vector illustration, a chopper motorcycle in three-quarter view, long forks, ape hangers, by the coast, thick confident linework, limited palette of four flat spot colours on black, high contrast, screen-print separation, strong silhouette readable at arm's length, centred composition, isolated on solid black, no text, no lettering, no watermark, no gradient mesh, t-shirt graphic","text, letters, words, watermark, signature, photorealistic, 3d render, soft gradients, drop shadow, busy background, clutter, low contrast"
biker__hero__in_the_fog,Biker,hero_scene,"bold flat vector illustration, a chopper motorcycle in three-quarter view, long forks, ape hangers, in the fog, thick confident linework, limited palette of four flat spot colours on black, high contrast, screen-print separation, strong silhouette readable at arm's length, centred composition, isolated on solid black, no text, no lettering, no watermark, no gradient mesh, t-shirt graphic","text, letters, words, watermark, signature, photorealistic, 3d render, soft gradients, drop shadow, busy background, clutter, low contrast"
biker__hero__at_dawn,Biker,hero_scene,"bold flat vector illustration, a chopper motorcycle in three-quarter view, long forks, ape hangers, at dawn, thick confident linework, limited palette of four flat spot colours on black, high contrast, screen-print separation, strong silhouette readable at arm's length, centred composition, isolated on solid black, no text, no lettering, no watermark, no gradient mesh, t-shirt graphic","text, letters, words, watermark, signature, photorealistic, 3d render, soft gradients, drop shadow, busy background, clutter, low contrast"
biker__insider,Biker,insider,"bold flat vector illustration, a clean technical diagram only a biker enthusiast would recognise, thick confident linework, limited palette of four flat spot colours on black, high contrast, screen-print separation, strong silhouette readable at arm's length, centred composition, isolated on solid black, no text, no lettering, no watermark, no gradient mesh, t-shirt graphic","text, letters, words, watermark, signature, photorealistic, 3d render, soft gradients, drop shadow, busy background, clutter, low contrast"
biker__mosaic,Biker,mosaic,"bold flat vector illustration, many small motorbike silhouettes massed to form a large skull, thick confident linework, limited palette of four flat spot colours on black, high contrast, screen-print separation, strong silhouette readable at arm's length, centred composition, isolated on solid black, no text, no lettering, no watermark, no gradient mesh, t-shirt graphic","text, letters, words, watermark, signature, photorealistic, 3d render, soft gradients, drop shadow, busy background, clutter, low contrast"
biker__mosaic__at_sunset,Biker,mosaic_scene,"bold flat vector illustration, a chopper motorcycle in three-quarter view, long forks, ape hangers, at sunset, thick confident linework, limited palette of four flat spot colours on black, high contrast, screen-print separation, strong silhouette readable at arm's length, centred composition, isolated on solid black, no text, no lettering, no watermark, no gradient mesh, t-shirt graphic","text, letters, words, watermark, signature, photorealistic, 3d render, soft gradients, drop shadow, busy background, clutter, low contrast"
biker__mosaic__in_a_storm,Biker,mosaic_scene,"bold flat vector illustration, a chopper motorcycle in three-quarter view, long forks, ape hangers, in a storm, thick confident linework, limited palette of four flat spot colours on black, high contrast, screen-print separation, strong silhouette readable at arm's length, centred composition, isolated on solid black, no text, no lettering, no watermark, no gradient mesh, t-shirt graphic","text, letters, words, watermark, signature, photorealistic, 3d render, soft gradients, drop shadow, busy background, clutter, low contrast"
biker__mosaic__on_a_mountain,Biker,mosaic_scene,"bold flat vector illustration, a chopper motorcycle in three-quarter view, long forks, ape hangers, on a mountain, thick confident linework, limited palette of four flat spot colours on black, high contrast, screen-print separation, strong silhouette readable at arm's length, centred composition, isolated on solid black, no text, no lettering, no watermark, no gradient mesh, t-shirt graphic","text, letters, words, watermark, signature, photorealistic, 3d render, soft gradients, drop shadow, busy background, clutter, low contrast"
biker__mosaic__by_the_coast,Biker,mosaic_scene,"bold flat vector illustration, a chopper motorcycle in three-quarter view, long forks, ape hangers, by the coast, thick confident linework, limited palette of four flat spot colours on black, high contrast, screen-print separation, strong silhouette readable at arm's length, centred composition, isolated on solid black, no text, no lettering, no watermark, no gradient mesh, t-shirt graphic","text, letters, words, watermark, signature, photorealistic, 3d render, soft gradients, drop shadow, busy background, clutter, low contrast"
biker__mosaic__in_the_fog,Biker,mosaic_scene,"bold flat vector illustration, a chopper motorcycle in three-quarter view, long forks, ape hangers, in the fog, thick confident linework, limited palette of four flat spot colours on black, high contrast, screen-print separation, strong silhouette readable at arm's length, centred composition, isolated on solid black, no text, no lettering, no watermark, no gradient mesh, t-shirt graphic","text, letters, words, watermark, signature, photorealistic, 3d render, soft gradients, drop shadow, busy background, clutter, low contrast"
biker__mosaic__at_dawn,Biker,mosaic_scene,"bold flat vector illustration, a chopper motorcycle in three-quarter view, long forks, ape hangers, at dawn, thick confident linework, limited palette of four flat spot colours on black, high contrast, screen-print separation, strong silhouette readable at arm's length, centred composition, isolated on solid black, no text, no lettering, no watermark, no gradient mesh, t-shirt graphic","text, letters, words, watermark, signature, photorealistic, 3d render, soft gradients, drop shadow, busy background, clutter, low contrast"
biker__evolution,Biker,evolution,"bold flat vector illustration, four-stage silhouette progression from child to adult ending with a chopper motorcycle in three-quarter view, long forks, ape hangers, thick confident linework, limited palette of four flat spot colours on black, high contrast, screen-print separation, strong silhouette readable at arm's length, centred composition, isolated on solid black, no text, no lettering, no watermark, no gradient mesh, t-shirt graphic","text, letters, words, watermark, signature, photorealistic, 3d render, soft gradients, drop shadow, busy background, clutter, low contrast"
cafe_racer__hero,Cafe Racer,hero,"bold flat vector illustration, a cafe racer motorcycle in side profile, clip-on bars, bum-stop seat, thick confident linework, limited palette of four flat spot colours on black, high contrast, screen-print separation, strong silhouette readable at arm's length, centred composition, isolated on solid black, no text, no lettering, no watermark, no gradient mesh, t-shirt graphic","text, letters, words, watermark, signature, photorealistic, 3d render, soft gradients, drop shadow, busy background, clutter, low contrast"
cafe_racer__hero__at_sunset,Cafe Racer,hero_scene,"bold flat vector illustration, a cafe racer motorcycle in side profile, clip-on bars, bum-stop seat, at sunset, thick confident linework, limited palette of four flat spot colours on black, high contrast, screen-print separation, strong silhouette readable at arm's length, centred composition, isolated on solid black, no text, no lettering, no watermark, no gradient mesh, t-shirt graphic","text, letters, words, watermark, signature, photorealistic, 3d render, soft gradients, drop shadow, busy background, clutter, low contrast"
cafe_racer__hero__in_a_storm,Cafe Racer,hero_scene,"bold flat vector illustration, a cafe racer motorcycle in side profile, clip-on bars, bum-stop seat, in a storm, thick confident linework, limited palette of four flat spot colours on black, high contrast, screen-print separation, strong silhouette readable at arm's length, centred composition, isolated on solid black, no text, no lettering, no watermark, no gradient mesh, t-shirt graphic","text, letters, words, watermark, signature, photorealistic, 3d render, soft gradients, drop shadow, busy background, clutter, low contrast"
cafe_racer__hero__on_a_mountain,Cafe Racer,hero_scene,"bold flat vector illustration, a cafe racer motorcycle in side profile, clip-on bars, bum-stop seat, on a mountain, thick confident linework, limited palette of four flat spot colours on black, high contrast, screen-print separation, strong silhouette readable at arm's length, centred composition, isolated on solid black, no text, no lettering, no watermark, no gradient mesh, t-shirt graphic","text, letters, words, watermark, signature, photorealistic, 3d render, soft gradients, drop shadow, busy background, clutter, low contrast"
cafe_racer__hero__by_the_coast,Cafe Racer,hero_scene,"bold flat vector illustration, a cafe racer motorcycle in side profile, clip-on bars, bum-stop seat, by the coast, thick confident linework, limited palette of four flat spot colours on black, high contrast, screen-print separation, strong silhouette readable at arm's length, centred composition, isolated on solid black, no text, no lettering, no watermark, no gradient mesh, t-shirt graphic","text, letters, words, watermark, signature, photorealistic, 3d render, soft gradients, drop shadow, busy background, clutter, low contrast"
cafe_racer__hero__in_the_fog,Cafe Racer,hero_scene,"bold flat vector illustration, a cafe racer motorcycle in side profile, clip-on bars, bum-stop seat, in the fog, thick confident linework, limited palette of four flat spot colours on black, high contrast, screen-print separation, strong silhouette readable at arm's length, centred composition, isolated on solid black, no text, no lettering, no watermark, no gradient mesh, t-shirt graphic","text, letters, words, watermark, signature, photorealistic, 3d render, soft gradients, drop shadow, busy background, clutter, low contrast"
cafe_racer__hero__at_dawn,Cafe Racer,hero_scene,"bold flat vector illustration, a cafe racer motorcycle in side profile, clip-on bars, bum-stop seat, at dawn, thick confident linework, limited palette of four flat spot colours on black, high contrast, screen-print separation, strong silhouette readable at arm's length, centred composition, isolated on solid black, no text, no lettering, no watermark, no gradient mesh, t-shirt graphic","text, letters, words, watermark, signature, photorealistic, 3d render, soft gradients, drop shadow, busy background, clutter, low contrast"
cafe_racer__insider,Cafe Racer,insider,"bold flat vector illustration, a clean technical diagram only a cafe racer enthusiast would recognise, thick confident linework, limited palette of four flat spot colours on black, high contrast, screen-print separation, strong silhouette readable at arm's length, centred composition, isolated on solid black, no text, no lettering, no watermark, no gradient mesh, t-shirt graphic","text, letters, words, watermark, signature, photorealistic, 3d render, soft gradients, drop shadow, busy background, clutter, low contrast"
cafe_racer__mosaic,Cafe Racer,mosaic,"bold flat vector illustration, many small cafe racer silhouettes massed to form a large skull, thick confident linework, limited palette of four flat spot colours on black, high contrast, screen-print separation, strong silhouette readable at arm's length, centred composition, isolated on solid black, no text, no lettering, no watermark, no gradient mesh, t-shirt graphic","text, letters, words, watermark, signature, photorealistic, 3d render, soft gradients, drop shadow, busy background, clutter, low contrast"
cafe_racer__mosaic__at_sunset,Cafe Racer,mosaic_scene,"bold flat vector illustration, a cafe racer motorcycle in side profile, clip-on bars, bum-stop seat, at sunset, thick confident linework, limited palette of four flat spot colours on black, high contrast, screen-print separation, strong silhouette readable at arm's length, centred composition, isolated on solid black, no text, no lettering, no watermark, no gradient mesh, t-shirt graphic","text, letters, words, watermark, signature, photorealistic, 3d render, soft gradients, drop shadow, busy background, clutter, low contrast"
cafe_racer__mosaic__in_a_storm,Cafe Racer,mosaic_scene,"bold flat vector illustration, a cafe racer motorcycle in side profile, clip-on bars, bum-stop seat, in a storm, thick confident linework, limited palette of four flat spot colours on black, high contrast, screen-print separation, strong silhouette readable at arm's length, centred composition, isolated on solid black, no text, no lettering, no watermark, no gradient mesh, t-shirt graphic","text, letters, words, watermark, signature, photorealistic, 3d render, soft gradients, drop shadow, busy background, clutter, low contrast"
cafe_racer__mosaic__on_a_mountain,Cafe Racer,mosaic_scene,"bold flat vector illustration, a cafe racer motorcycle in side profile, clip-on bars, bum-stop seat, on a mountain, thick confident linework, limited palette of four flat spot colours on black, high contrast, screen-print separation, strong silhouette readable at arm's length, centred composition, isolated on solid black, no text, no lettering, no watermark, no gradient mesh, t-shirt graphic","text, letters, words, watermark, signature, photorealistic, 3d render, soft gradients, drop shadow, busy background, clutter, low contrast"
cafe_racer__mosaic__by_the_coast,Cafe Racer,mosaic_scene,"bold flat vector illustration, a cafe racer motorcycle in side profile, clip-on bars, bum-stop seat, by the coast, thick confident linework, limited palette of four flat spot colours on black, high contrast, screen-print separation, strong silhouette readable at arm's length, centred composition, isolated on solid black, no text, no lettering, no watermark, no gradient mesh, t-shirt graphic","text, letters, words, watermark, signature, photorealistic, 3d render, soft gradients, drop shadow, busy background, clutter, low contrast"
cafe_racer__mosaic__in_the_fog,Cafe Racer,mosaic_scene,"bold flat vector illustration, a cafe racer motorcycle in side profile, clip-on bars, bum-stop seat, in the fog, thick confident linework, limited palette of four flat spot colours on black, high contrast, screen-print separation, strong silhouette readable at arm's length, centred composition, isolated on solid black, no text, no lettering, no watermark, no gradient mesh, t-shirt graphic","text, letters, words, watermark, signature, photorealistic, 3d render, soft gradients, drop shadow, busy background, clutter, low contrast"
cafe_racer__mosaic__at_dawn,Cafe Racer,mosaic_scene,"bold flat vector illustration, a cafe racer motorcycle in side profile, clip-on bars, bum-stop seat, at dawn, thick confident linework, limited palette of four flat spot colours on black, high contrast, screen-print separation, strong silhouette readable at arm's length, centred composition, isolated on solid black, no text, no lettering, no watermark, no gradient mesh, t-shirt graphic","text, letters, words, watermark, signature, photorealistic, 3d render, soft gradients, drop shadow, busy background, clutter, low contrast"
cafe_racer__evolution,Cafe Racer,evolution,"bold flat vector illustration, four-stage silhouette progression from child to adult ending with a cafe racer motorcycle in side profile, clip-on bars, bum-stop seat, thick confident linework, limited palette of four flat spot colours on black, high contrast, screen-print separation, strong silhouette readable at arm's length, centred composition, isolated on solid black, no text, no lettering, no watermark, no gradient mesh, t-shirt graphic","text, letters, words, watermark, signature, photorealistic, 3d render, soft gradients, drop shadow, busy background, clutter, low contrast"
superbike__hero,Superbike,hero,"bold flat vector illustration, a sports motorcycle leaned into a corner, knee down, thick confident linework, limited palette of four flat spot colours on black, high contrast, screen-print separation, strong silhouette readable at arm's length, centred composition, isolated on solid black, no text, no lettering, no watermark, no gradient mesh, t-shirt graphic","text, letters, words, watermark, signature, photorealistic, 3d render, soft gradients, drop shadow, busy background, clutter, low contrast"
superbike__hero__at_sunset,Superbike,hero_scene,"bold flat vector illustration, a sports motorcycle leaned into a corner, knee down, at sunset, thick confident linework, limited palette of four flat spot colours on black, high contrast, screen-print separation, strong silhouette readable at arm's length, centred composition, isolated on solid black, no text, no lettering, no watermark, no gradient mesh, t-shirt graphic","text, letters, words, watermark, signature, photorealistic, 3d render, soft gradients, drop shadow, busy background, clutter, low contrast"
superbike__hero__in_a_storm,Superbike,hero_scene,"bold flat vector illustration, a sports motorcycle leaned into a corner, knee down, in a storm, thick confident linework, limited palette of four flat spot colours on black, high contrast, screen-print separation, strong silhouette readable at arm's length, centred composition, isolated on solid black, no text, no lettering, no watermark, no gradient mesh, t-shirt graphic","text, letters, words, watermark, signature, photorealistic, 3d render, soft gradients, drop shadow, busy background, clutter, low contrast"
superbike__hero__on_a_mountain,Superbike,hero_scene,"bold flat vector illustration, a sports motorcycle leaned into a corner, knee down, on a mountain, thick confident linework, limited palette of four flat spot colours on black, high contrast, screen-print separation, strong silhouette readable at arm's length, centred composition, isolated on solid black, no text, no lettering, no watermark, no gradient mesh, t-shirt graphic","text, letters, words, watermark, signature, photorealistic, 3d render, soft gradients, drop shadow, busy background, clutter, low contrast"
superbike__hero__by_the_coast,Superbike,hero_scene,"bold flat vector illustration, a sports motorcycle leaned into a corner, knee down, by the coast, thick confident linework, limited palette of four flat spot colours on black, high contrast, screen-print separation, strong silhouette readable at arm's length, centred composition, isolated on solid black, no text, no lettering, no watermark, no gradient mesh, t-shirt graphic","text, letters, words, watermark, signature, photorealistic, 3d render, soft gradients, drop shadow, busy background, clutter, low contrast"
superbike__hero__in_the_fog,Superbike,hero_scene,"bold flat vector illustration, a sports motorcycle leaned into a corner, knee down, in the fog, thick confident linework, limited palette of four flat spot colours on black, high contrast, screen-print separation, strong silhouette readable at arm's length, centred composition, isolated on solid black, no text, no lettering, no watermark, no gradient mesh, t-shirt graphic","text, letters, words, watermark, signature, photorealistic, 3d render, soft gradients, drop shadow, busy background, clutter, low contrast"
superbike__hero__at_dawn,Superbike,hero_scene,"bold flat vector illustration, a sports motorcycle leaned into a corner, knee down, at dawn, thick confident linework, limited palette of four flat spot colours on black, high contrast, screen-print separation, strong silhouette readable at arm's length, centred composition, isolated on solid black, no text, no lettering, no watermark, no gradient mesh, t-shirt graphic","text, letters, words, watermark, signature, photorealistic, 3d render, soft gradients, drop shadow, busy background, clutter, low contrast"
superbike__insider,Superbike,insider,"bold flat vector illustration, a clean technical diagram only a superbike enthusiast would recognise, thick confident linework, limited palette of four flat spot colours on black, high contrast, screen-print separation, strong silhouette readable at arm's length, centred composition, isolated on solid black, no text, no lettering, no watermark, no gradient mesh, t-shirt graphic","text, letters, words, watermark, signature, photorealistic, 3d render, soft gradients, drop shadow, busy background, clutter, low contrast"
superbike__mosaic,Superbike,mosaic,"bold flat vector illustration, many small superbike silhouettes massed to form a large skull, thick confident linework, limited palette of four flat spot colours on black, high contrast, screen-print separation, strong silhouette readable at arm's length, centred composition, isolated on solid black, no text, no lettering, no watermark, no gradient mesh, t-shirt graphic","text, letters, words, watermark, signature, photorealistic, 3d render, soft gradients, drop shadow, busy background, clutter, low contrast"
superbike__mosaic__at_sunset,Superbike,mosaic_scene,"bold flat vector illustration, a sports motorcycle leaned into a corner, knee down, at sunset, thick confident linework, limited palette of four flat spot colours on black, high contrast, screen-print separation, strong silhouette readable at arm's length, centred composition, isolated on solid black, no text, no lettering, no watermark, no gradient mesh, t-shirt graphic","text, letters, words, watermark, signature, photorealistic, 3d render, soft gradients, drop shadow, busy background, clutter, low contrast"
superbike__mosaic__in_a_storm,Superbike,mosaic_scene,"bold flat vector illustration, a sports motorcycle leaned into a corner, knee down, in a storm, thick confident linework, limited palette of four flat spot colours on black, high contrast, screen-print separation, strong silhouette readable at arm's length, centred composition, isolated on solid black, no text, no lettering, no watermark, no gradient mesh, t-shirt graphic","text, letters, words, watermark, signature, photorealistic, 3d render, soft gradients, drop shadow, busy background, clutter, low contrast"
superbike__mosaic__on_a_mountain,Superbike,mosaic_scene,"bold flat vector illustration, a sports motorcycle leaned into a corner, knee down, on a mountain, thick confident linework, limited palette of four flat spot colours on black, high contrast, screen-print separation, strong silhouette readable at arm's length, centred composition, isolated on solid black, no text, no lettering, no watermark, no gradient mesh, t-shirt graphic","text, letters, words, watermark, signature, photorealistic, 3d render, soft gradients, drop shadow, busy background, clutter, low contrast"
superbike__mosaic__by_the_coast,Superbike,mosaic_scene,"bold flat vector illustration, a sports motorcycle leaned into a corner, knee down, by the coast, thick confident linework, limited palette of four flat spot colours on black, high contrast, screen-print separation, strong silhouette readable at arm's length, centred composition, isolated on solid black, no text, no lettering, no watermark, no gradient mesh, t-shirt graphic","text, letters, words, watermark, signature, photorealistic, 3d render, soft gradients, drop shadow, busy background, clutter, low contrast"
superbike__mosaic__in_the_fog,Superbike,mosaic_scene,"bold flat vector illustration, a sports motorcycle leaned into a corner, knee down, in the fog, thick confident linework, limited palette of four flat spot colours on black, high contrast, screen-print separation, strong silhouette readable at arm's length, centred composition, isolated on solid black, no text, no lettering, no watermark, no gradient mesh, t-shirt graphic","text, letters, words, watermark, signature, photorealistic, 3d render, soft gradients, drop shadow, busy background, clutter, low contrast"
superbike__mosaic__at_dawn,Superbike,mosaic_scene,"bold flat vector illustration, a sports motorcycle leaned into a corner, knee down, at dawn, thick confident linework, limited palette of four flat spot colours on black, high contrast, screen-print separation, strong silhouette readable at arm's length, centred composition, isolated on solid black, no text, no lettering, no watermark, no gradient mesh, t-shirt graphic","text, letters, words, watermark, signature, photorealistic, 3d render, soft gradients, drop shadow, busy background, clutter, low contrast"
superbike__evolution,Superbike,evolution,"bold flat vector illustration, four-stage silhouette progression from child to adult ending with a sports motorcycle leaned into a corner, knee down, thick confident linework, limited palette of four flat spot colours on black, high contrast, screen-print separation, strong silhouette readable at arm's length, centred composition, isolated on solid black, no text, no lettering, no watermark, no gradient mesh, t-shirt graphic","text, letters, words, watermark, signature, photorealistic, 3d render, soft gradients, drop shadow, busy background, clutter, low contrast"
motocross__hero,Motocross,hero,"bold flat vector illustration, a motocross bike mid-jump, rider standing on the pegs, thick confident linework, limited palette of four flat spot colours on black, high contrast, screen-print separation, strong silhouette readable at arm's length, centred composition, isolated on solid black, no text, no lettering, no watermark, no gradient mesh, t-shirt graphic","text, letters, words, watermark, signature, photorealistic, 3d render, soft gradients, drop shadow, busy background, clutter, low contrast"
motocross__insider,Motocross,insider,"bold flat vector illustration, a clean technical diagram only a motocross enthusiast would recognise, thick confident linework, limited palette of four flat spot colours on black, high contrast, screen-print separation, strong silhouette readable at arm's length, centred composition, isolated on solid black, no text, no lettering, no watermark, no gradient mesh, t-shirt graphic","text, letters, words, watermark, signature, photorealistic, 3d render, soft gradients, drop shadow, busy background, clutter, low contrast"
motocross__mosaic,Motocross,mosaic,"bold flat vector illustration, many small motocross bike silhouettes massed to form a large skull, thick confident linework, limited palette of four flat spot colours on black, high contrast, screen-print separation, strong silhouette readable at arm's length, centred composition, isolated on solid black, no text, no lettering, no watermark, no gradient mesh, t-shirt graphic","text, letters, words, watermark, signature, photorealistic, 3d render, soft gradients, drop shadow, busy background, clutter, low contrast"
motocross__evolution,Motocross,evolution,"bold flat vector illustration, four-stage silhouette progression from child to adult ending with a motocross bike mid-jump, rider standing on the pegs, thick confident linework, limited palette of four flat spot colours on black, high contrast, screen-print separation, strong silhouette readable at arm's length, centred composition, isolated on solid black, no text, no lettering, no watermark, no gradient mesh, t-shirt graphic","text, letters, words, watermark, signature, photorealistic, 3d render, soft gradients, drop shadow, busy background, clutter, low contrast"
scooter__hero,Scooter,hero,"bold flat vector illustration, a classic Italian scooter with chrome mirrors, thick confident linework, limited palette of four flat spot colours on black, high contrast, screen-print separation, strong silhouette readable at arm's length, centred composition, isolated on solid black, no text, no lettering, no watermark, no gradient mesh, t-shirt graphic","text, letters, words, watermark, signature, photorealistic, 3d render, soft gradients, drop shadow, busy background, clutter, low contrast"
scooter__hero__at_sunset,Scooter,hero_scene,"bold flat vector illustration, a classic Italian scooter with chrome mirrors, at sunset, thick confident linework, limited palette of four flat spot colours on black, high contrast, screen-print separation, strong silhouette readable at arm's length, centred composition, isolated on solid black, no text, no lettering, no watermark, no gradient mesh, t-shirt graphic","text, letters, words, watermark, signature, photorealistic, 3d render, soft gradients, drop shadow, busy background, clutter, low contrast"
scooter__hero__in_a_storm,Scooter,hero_scene,"bold flat vector illustration, a classic Italian scooter with chrome mirrors, in a storm, thick confident linework, limited palette of four flat spot colours on black, high contrast, screen-print separation, strong silhouette readable at arm's length, centred composition, isolated on solid black, no text, no lettering, no watermark, no gradient mesh, t-shirt graphic","text, letters, words, watermark, signature, photorealistic, 3d render, soft gradients, drop shadow, busy background, clutter, low contrast"
scooter__hero__on_a_mountain,Scooter,hero_scene,"bold flat vector illustration, a classic Italian scooter with chrome mirrors, on a mountain, thick confident linework, limited palette of four flat spot colours on black, high contrast, screen-print separation, strong silhouette readable at arm's length, centred composition, isolated on solid black, no text, no lettering, no watermark, no gradient mesh, t-shirt graphic","text, letters, words, watermark, signature, photorealistic, 3d render, soft gradients, drop shadow, busy background, clutter, low contrast"
scooter__hero__by_the_coast,Scooter,hero_scene,"bold flat vector illustration, a classic Italian scooter with chrome mirrors, by the coast, thick confident linework, limited palette of four flat spot colours on black, high contrast, screen-print separation, strong silhouette readable at arm's length, centred composition, isolated on solid black, no text, no lettering, no watermark, no gradient mesh, t-shirt graphic","text, letters, words, watermark, signature, photorealistic, 3d render, soft gradients, drop shadow, busy background, clutter, low contrast"
scooter__hero__in_the_fog,Scooter,hero_scene,"bold flat vector illustration, a classic Italian scooter with chrome mirrors, in the fog, thick confident linework, limited palette of four flat spot colours on black, high contrast, screen-print separation, strong silhouette readable at arm's length, centred composition, isolated on solid black, no text, no lettering, no watermark, no gradient mesh, t-shirt graphic","text, letters, words, watermark, signature, photorealistic, 3d render, soft gradients, drop shadow, busy background, clutter, low contrast"
scooter__hero__at_dawn,Scooter,hero_scene,"bold flat vector illustration, a classic Italian scooter with chrome mirrors, at dawn, thick confident linework, limited palette of four flat spot colours on black, high contrast, screen-print separation, strong silhouette readable at arm's length, centred composition, isolated on solid black, no text, no lettering, no watermark, no gradient mesh, t-shirt graphic","text, letters, words, watermark, signature, photorealistic, 3d render, soft gradients, drop shadow, busy background, clutter, low contrast"
scooter__insider,Scooter,insider,"bold flat vector illustration, a clean technical diagram only a scooter enthusiast would recognise, thick confident linework, limited palette of four flat spot colours on black, high contrast, screen-print separation, strong silhouette readable at arm's length, centred composition, isolated on solid black, no text, no lettering, no watermark, no gradient mesh, t-shirt graphic","text, letters, words, watermark, signature, photorealistic, 3d render, soft gradients, drop shadow, busy background, clutter, low contrast"
scooter__mosaic,Scooter,mosaic,"bold flat vector illustration, many small scooter silhouettes massed to form a large skull, thick confident linework, limited palette of four flat spot colours on black, high contrast, screen-print separation, strong silhouette readable at arm's length, centred composition, isolated on solid black, no text, no lettering, no watermark, no gradient mesh, t-shirt graphic","text, letters, words, watermark, signature, photorealistic, 3d render, soft gradients, drop shadow, busy background, clutter, low contrast"
scooter__mosaic__at_sunset,Scooter,mosaic_scene,"bold flat vector illustration, a classic Italian scooter with chrome mirrors, at sunset, thick confident linework, limited palette of four flat spot colours on black, high contrast, screen-print separation, strong silhouette readable at arm's length, centred composition, isolated on solid black, no text, no lettering, no watermark, no gradient mesh, t-shirt graphic","text, letters, words, watermark, signature, photorealistic, 3d render, soft gradients, drop shadow, busy background, clutter, low contrast"
scooter__mosaic__in_a_storm,Scooter,mosaic_scene,"bold flat vector illustration, a classic Italian scooter with chrome mirrors, in a storm, thick confident linework, limited palette of four flat spot colours on black, high contrast, screen-print separation, strong silhouette readable at arm's length, centred composition, isolated on solid black, no text, no lettering, no watermark, no gradient mesh, t-shirt graphic","text, letters, words, watermark, signature, photorealistic, 3d render, soft gradients, drop shadow, busy background, clutter, low contrast"
scooter__mosaic__on_a_mountain,Scooter,mosaic_scene,"bold flat vector illustration, a classic Italian scooter with chrome mirrors, on a mountain, thick confident linework, limited palette of four flat spot colours on black, high contrast, screen-print separation, strong silhouette readable at arm's length, centred composition, isolated on solid black, no text, no lettering, no watermark, no gradient mesh, t-shirt graphic","text, letters, words, watermark, signature, photorealistic, 3d render, soft gradients, drop shadow, busy background, clutter, low contrast"
scooter__mosaic__by_the_coast,Scooter,mosaic_scene,"bold flat vector illustration, a classic Italian scooter with chrome mirrors, by the coast, thick confident linework, limited palette of four flat spot colours on black, high contrast, screen-print separation, strong silhouette readable at arm's length, centred composition, isolated on solid black, no text, no lettering, no watermark, no gradient mesh, t-shirt graphic","text, letters, words, watermark, signature, photorealistic, 3d render, soft gradients, drop shadow, busy background, clutter, low contrast"
scooter__mosaic__in_the_fog,Scooter,mosaic_scene,"bold flat vector illustration, a classic Italian scooter with chrome mirrors, in the fog, thick confident linework, limited palette of four flat spot colours on black, high contrast, screen-print separation, strong silhouette readable at arm's length, centred composition, isolated on solid black, no text, no lettering, no watermark, no gradient mesh, t-shirt graphic","text, letters, words, watermark, signature, photorealistic, 3d render, soft gradients, drop shadow, busy background, clutter, low contrast"
scooter__mosaic__at_dawn,Scooter,mosaic_scene,"bold flat vector illustration, a classic Italian scooter with chrome mirrors, at dawn, thick confident linework, limited palette of four flat spot colours on black, high contrast, screen-print separation, strong silhouette readable at arm's length, centred composition, isolated on solid black, no text, no lettering, no watermark, no gradient mesh, t-shirt graphic","text, letters, words, watermark, signature, photorealistic, 3d render, soft gradients, drop shadow, busy background, clutter, low contrast"
scooter__evolution,Scooter,evolution,"bold flat vector illustration, four-stage silhouette progression from child to adult ending with a classic Italian scooter with chrome mirrors, thick confident linework, limited palette of four flat spot colours on black, high contrast, screen-print separation, strong silhouette readable at arm's length, centred composition, isolated on solid black, no text, no lettering, no watermark, no gradient mesh, t-shirt graphic","text, letters, words, watermark, signature, photorealistic, 3d render, soft gradients, drop shadow, busy background, clutter, low contrast"
trike__hero,Trike,hero,"bold flat vector illustration, a three-wheeled motorcycle trike, thick confident linework, limited palette of four flat spot colours on black, high contrast, screen-print separation, strong silhouette readable at arm's length, centred composition, isolated on solid black, no text, no lettering, no watermark, no gradient mesh, t-shirt graphic","text, letters, words, watermark, signature, photorealistic, 3d render, soft gradients, drop shadow, busy background, clutter, low contrast"
trike__insider,Trike,insider,"bold flat vector illustration, a clean technical diagram only a trike enthusiast would recognise, thick confident linework, limited palette of four flat spot colours on black, high contrast, screen-print separation, strong silhouette readable at arm's length, centred composition, isolated on solid black, no text, no lettering, no watermark, no gradient mesh, t-shirt graphic","text, letters, words, watermark, signature, photorealistic, 3d render, soft gradients, drop shadow, busy background, clutter, low contrast"
trike__mosaic,Trike,mosaic,"bold flat vector illustration, many small trike silhouettes massed to form a large skull, thick confident linework, limited palette of four flat spot colours on black, high contrast, screen-print separation, strong silhouette readable at arm's length, centred composition, isolated on solid black, no text, no lettering, no watermark, no gradient mesh, t-shirt graphic","text, letters, words, watermark, signature, photorealistic, 3d render, soft gradients, drop shadow, busy background, clutter, low contrast"
trike__evolution,Trike,evolution,"bold flat vector illustration, four-stage silhouette progression from child to adult ending with a three-wheeled motorcycle trike, thick confident linework, limited palette of four flat spot colours on black, high contrast, screen-print separation, strong silhouette readable at arm's length, centred composition, isolated on solid black, no text, no lettering, no watermark, no gradient mesh, t-shirt graphic","text, letters, words, watermark, signature, photorealistic, 3d render, soft gradients, drop shadow, busy background, clutter, low contrast"
touring_bike__hero,Touring Bike,hero,"bold flat vector illustration, a loaded touring motorcycle with panniers, thick confident linework, limited palette of four flat spot colours on black, high contrast, screen-print separation, strong silhouette readable at arm's length, centred composition, isolated on solid black, no text, no lettering, no watermark, no gradient mesh, t-shirt graphic","text, letters, words, watermark, signature, photorealistic, 3d render, soft gradients, drop shadow, busy background, clutter, low contrast"
touring_bike__insider,Touring Bike,insider,"bold flat vector illustration, a clean technical diagram only a touring bike enthusiast would recognise, thick confident linework, limited palette of four flat spot colours on black, high contrast, screen-print separation, strong silhouette readable at arm's length, centred composition, isolated on solid black, no text, no lettering, no watermark, no gradient mesh, t-shirt graphic","text, letters, words, watermark, signature, photorealistic, 3d render, soft gradients, drop shadow, busy background, clutter, low contrast"
touring_bike__mosaic,Touring Bike,mosaic,"bold flat vector illustration, many small touring bike silhouettes massed to form a large skull, thick confident linework, limited palette of four flat spot colours on black, high contrast, screen-print separation, strong silhouette readable at arm's length, centred composition, isolated on solid black, no text, no lettering, no watermark, no gradient mesh, t-shirt graphic","text, letters, words, watermark, signature, photorealistic, 3d render, soft gradients, drop shadow, busy background, clutter, low contrast"
touring_bike__evolution,Touring Bike,evolution,"bold flat vector illustration, four-stage silhouette progression from child to adult ending with a loaded touring motorcycle with panniers, thick confident linework, limited palette of four flat spot colours on black, high contrast, screen-print separation, strong silhouette readable at arm's length, centred composition, isolated on solid black, no text, no lettering, no watermark, no gradient mesh, t-shirt graphic","text, letters, words, watermark, signature, photorealistic, 3d render, soft gradients, drop shadow, busy background, clutter, low contrast"
off_roading__hero,Off Roading,hero,"bold flat vector illustration, a boxy 4x4 climbing a rocky incline, articulated suspension, thick confident linework, limited palette of four flat spot colours on black, high contrast, screen-print separation, strong silhouette readable at arm's length, centred composition, isolated on solid black, no text, no lettering, no watermark, no gradient mesh, t-shirt graphic","text, letters, words, watermark, signature, photorealistic, 3d render, soft gradients, drop shadow, busy background, clutter, low contrast"
off_roading__hero__at_sunset,Off Roading,hero_scene,"bold flat vector illustration, a boxy 4x4 climbing a rocky incline, articulated suspension, at sunset, thick confident linework, limited palette of four flat spot colours on black, high contrast, screen-print separation, strong silhouette readable at arm's length, centred composition, isolated on solid black, no text, no lettering, no watermark, no gradient mesh, t-shirt graphic","text, letters, words, watermark, signature, photorealistic, 3d render, soft gradients, drop shadow, busy background, clutter, low contrast"
off_roading__hero__in_a_storm,Off Roading,hero_scene,"bold flat vector illustration, a boxy 4x4 climbing a rocky incline, articulated suspension, in a storm, thick confident linework, limited palette of four flat spot colours on black, high contrast, screen-print separation, strong silhouette readable at arm's length, centred composition, isolated on solid black, no text, no lettering, no watermark, no gradient mesh, t-shirt graphic","text, letters, words, watermark, signature, photorealistic, 3d render, soft gradients, drop shadow, busy background, clutter, low contrast"
off_roading__hero__on_a_mountain,Off Roading,hero_scene,"bold flat vector illustration, a boxy 4x4 climbing a rocky incline, articulated suspension, on a mountain, thick confident linework, limited palette of four flat spot colours on black, high contrast, screen-print separation, strong silhouette readable at arm's length, centred composition, isolated on solid black, no text, no lettering, no watermark, no gradient mesh, t-shirt graphic","text, letters, words, watermark, signature, photorealistic, 3d render, soft gradients, drop shadow, busy background, clutter, low contrast"
off_roading__hero__by_the_coast,Off Roading,hero_scene,"bold flat vector illustration, a boxy 4x4 climbing a rocky incline, articulated suspension, by the coast, thick confident linework, limited palette of four flat spot colours on black, high contrast, screen-print separation, strong silhouette readable at arm's length, centred composition, isolated on solid black, no text, no lettering, no watermark, no gradient mesh, t-shirt graphic","text, letters, words, watermark, signature, photorealistic, 3d render, soft gradients, drop shadow, busy background, clutter, low contrast"
off_roading__hero__in_the_fog,Off Roading,hero_scene,"bold flat vector illustration, a boxy 4x4 climbing a rocky incline, articulated suspension, in the fog, thick confident linework, limited palette of four flat spot colours on black, high contrast, screen-print separation, strong silhouette readable at arm's length, centred composition, isolated on solid black, no text, no lettering, no watermark, no gradient mesh, t-shirt graphic","text, letters, words, watermark, signature, photorealistic, 3d render, soft gradients, drop shadow, busy background, clutter, low contrast"
off_roading__hero__at_dawn,Off Roading,hero_scene,"bold flat vector illustration, a boxy 4x4 climbing a rocky incline, articulated suspension, at dawn, thick confident linework, limited palette of four flat spot colours on black, high contrast, screen-print separation, strong silhouette readable at arm's length, centred composition, isolated on solid black, no text, no lettering, no watermark, no gradient mesh, t-shirt graphic","text, letters, words, watermark, signature, photorealistic, 3d render, soft gradients, drop shadow, busy background, clutter, low contrast"
off_roading__insider,Off Roading,insider,"bold flat vector illustration, a clean technical diagram only a off roading enthusiast would recognise, thick confident linework, limited palette of four flat spot colours on black, high contrast, screen-print separation, strong silhouette readable at arm's length, centred composition, isolated on solid black, no text, no lettering, no watermark, no gradient mesh, t-shirt graphic","text, letters, words, watermark, signature, photorealistic, 3d render, soft gradients, drop shadow, busy background, clutter, low contrast"
off_roading__mosaic,Off Roading,mosaic,"bold flat vector illustration, many small 4x4 silhouettes massed to form a large skull, thick confident linework, limited palette of four flat spot colours on black, high contrast, screen-print separation, strong silhouette readable at arm's length, centred composition, isolated on solid black, no text, no lettering, no watermark, no gradient mesh, t-shirt graphic","text, letters, words, watermark, signature, photorealistic, 3d render, soft gradients, drop shadow, busy background, clutter, low contrast"
off_roading__mosaic__at_sunset,Off Roading,mosaic_scene,"bold flat vector illustration, a boxy 4x4 climbing a rocky incline, articulated suspension, at sunset, thick confident linework, limited palette of four flat spot colours on black, high contrast, screen-print separation, strong silhouette readable at arm's length, centred composition, isolated on solid black, no text, no lettering, no watermark, no gradient mesh, t-shirt graphic","text, letters, words, watermark, signature, photorealistic, 3d render, soft gradients, drop shadow, busy background, clutter, low contrast"
off_roading__mosaic__in_a_storm,Off Roading,mosaic_scene,"bold flat vector illustration, a boxy 4x4 climbing a rocky incline, articulated suspension, in a storm, thick confident linework, limited palette of four flat spot colours on black, high contrast, screen-print separation, strong silhouette readable at arm's length, centred composition, isolated on solid black, no text, no lettering, no watermark, no gradient mesh, t-shirt graphic","text, letters, words, watermark, signature, photorealistic, 3d render, soft gradients, drop shadow, busy background, clutter, low contrast"
off_roading__mosaic__on_a_mountain,Off Roading,mosaic_scene,"bold flat vector illustration, a boxy 4x4 climbing a rocky incline, articulated suspension, on a mountain, thick confident linework, limited palette of four flat spot colours on black, high contrast, screen-print separation, strong silhouette readable at arm's length, centred composition, isolated on solid black, no text, no lettering, no watermark, no gradient mesh, t-shirt graphic","text, letters, words, watermark, signature, photorealistic, 3d render, soft gradients, drop shadow, busy background, clutter, low contrast"
off_roading__mosaic__by_the_coast,Off Roading,mosaic_scene,"bold flat vector illustration, a boxy 4x4 climbing a rocky incline, articulated suspension, by the coast, thick confident linework, limited palette of four flat spot colours on black, high contrast, screen-print separation, strong silhouette readable at arm's length, centred composition, isolated on solid black, no text, no lettering, no watermark, no gradient mesh, t-shirt graphic","text, letters, words, watermark, signature, photorealistic, 3d render, soft gradients, drop shadow, busy background, clutter, low contrast"
off_roading__mosaic__in_the_fog,Off Roading,mosaic_scene,"bold flat vector illustration, a boxy 4x4 climbing a rocky incline, articulated suspension, in the fog, thick confident linework, limited palette of four flat spot colours on black, high contrast, screen-print separation, strong silhouette readable at arm's length, centred composition, isolated on solid black, no text, no lettering, no watermark, no gradient mesh, t-shirt graphic","text, letters, words, watermark, signature, photorealistic, 3d render, soft gradients, drop shadow, busy background, clutter, low contrast"
off_roading__mosaic__at_dawn,Off Roading,mosaic_scene,"bold flat vector illustration, a boxy 4x4 climbing a rocky incline, articulated suspension, at dawn, thick confident linework, limited palette of four flat spot colours on black, high contrast, screen-print separation, strong silhouette readable at arm's length, centred composition, isolated on solid black, no text, no lettering, no watermark, no gradient mesh, t-shirt graphic","text, letters, words, watermark, signature, photorealistic, 3d render, soft gradients, drop shadow, busy background, clutter, low contrast"
off_roading__evolution,Off Roading,evolution,"bold flat vector illustration, four-stage silhouette progression from child to adult ending with a boxy 4x4 climbing a rocky incline, articulated suspension, thick confident linework, limited palette of four flat spot colours on black, high contrast, screen-print separation, strong silhouette readable at arm's length, centred composition, isolated on solid black, no text, no lettering, no watermark, no gradient mesh, t-shirt graphic","text, letters, words, watermark, signature, photorealistic, 3d render, soft gradients, drop shadow, busy background, clutter, low contrast"
classic_car__hero,Classic Car,hero,"bold flat vector illustration, a 1960s British sports car in side profile, thick confident linework, limited palette of four flat spot colours on black, high contrast, screen-print separation, strong silhouette readable at arm's length, centred composition, isolated on solid black, no text, no lettering, no watermark, no gradient mesh, t-shirt graphic","text, letters, words, watermark, signature, photorealistic, 3d render, soft gradients, drop shadow, busy background, clutter, low contrast"
classic_car__insider,Classic Car,insider,"bold flat vector illustration, a clean technical diagram only a classic car enthusiast would recognise, thick confident linework, limited palette of four flat spot colours on black, high contrast, screen-print separation, strong silhouette readable at arm's length, centred composition, isolated on solid black, no text, no lettering, no watermark, no gradient mesh, t-shirt graphic","text, letters, words, watermark, signature, photorealistic, 3d render, soft gradients, drop shadow, busy background, clutter, low contrast"
classic_car__mosaic,Classic Car,mosaic,"bold flat vector illustration, many small classic car silhouettes massed to form a large skull, thick confident linework, limited palette of four flat spot colours on black, high contrast, screen-print separation, strong silhouette readable at arm's length, centred composition, isolated on solid black, no text, no lettering, no watermark, no gradient mesh, t-shirt graphic","text, letters, words, watermark, signature, photorealistic, 3d render, soft gradients, drop shadow, busy background, clutter, low contrast"
classic_car__evolution,Classic Car,evolution,"bold flat vector illustration, four-stage silhouette progression from child to adult ending with a 1960s British sports car in side profile, thick confident linework, limited palette of four flat spot colours on black, high contrast, screen-print separation, strong silhouette readable at arm's length, centred composition, isolated on solid black, no text, no lettering, no watermark, no gradient mesh, t-shirt graphic","text, letters, words, watermark, signature, photorealistic, 3d render, soft gradients, drop shadow, busy background, clutter, low contrast"
hot_rod__hero,Hot Rod,hero,"bold flat vector illustration, a chopped hot rod with exposed engine and flames, thick confident linework, limited palette of four flat spot colours on black, high contrast, screen-print separation, strong silhouette readable at arm's length, centred composition, isolated on solid black, no text, no lettering, no watermark, no gradient mesh, t-shirt graphic","text, letters, words, watermark, signature, photorealistic, 3d render, soft gradients, drop shadow, busy background, clutter, low contrast"
hot_rod__insider,Hot Rod,insider,"bold flat vector illustration, a clean technical diagram only a hot rod enthusiast would recognise, thick confident linework, limited palette of four flat spot colours on black, high contrast, screen-print separation, strong silhouette readable at arm's length, centred composition, isolated on solid black, no text, no lettering, no watermark, no gradient mesh, t-shirt graphic","text, letters, words, watermark, signature, photorealistic, 3d render, soft gradients, drop shadow, busy background, clutter, low contrast"
hot_rod__mosaic,Hot Rod,mosaic,"bold flat vector illustration, many small hot rod silhouettes massed to form a large skull, thick confident linework, limited palette of four flat spot colours on black, high contrast, screen-print separation, strong silhouette readable at arm's length, centred composition, isolated on solid black, no text, no lettering, no watermark, no gradient mesh, t-shirt graphic","text, letters, words, watermark, signature, photorealistic, 3d render, soft gradients, drop shadow, busy background, clutter, low contrast"
hot_rod__evolution,Hot Rod,evolution,"bold flat vector illustration, four-stage silhouette progression from child to adult ending with a chopped hot rod with exposed engine and flames, thick confident linework, limited palette of four flat spot colours on black, high contrast, screen-print separation, strong silhouette readable at arm's length, centred composition, isolated on solid black, no text, no lettering, no watermark, no gradient mesh, t-shirt graphic","text, letters, words, watermark, signature, photorealistic, 3d render, soft gradients, drop shadow, busy background, clutter, low contrast"
rally__hero,Rally,hero,"bold flat vector illustration, a rally car sliding on gravel, mud spray, thick confident linework, limited palette of four flat spot colours on black, high contrast, screen-print separation, strong silhouette readable at arm's length, centred composition, isolated on solid black, no text, no lettering, no watermark, no gradient mesh, t-shirt graphic","text, letters, words, watermark, signature, photorealistic, 3d render, soft gradients, drop shadow, busy background, clutter, low contrast"
rally__insider,Rally,insider,"bold flat vector illustration, a clean technical diagram only a rally enthusiast would recognise, thick confident linework, limited palette of four flat spot colours on black, high contrast, screen-print separation, strong silhouette readable at arm's length, centred composition, isolated on solid black, no text, no lettering, no watermark, no gradient mesh, t-shirt graphic","text, letters, words, watermark, signature, photorealistic, 3d render, soft gradients, drop shadow, busy background, clutter, low contrast"
rally__mosaic,Rally,mosaic,"bold flat vector illustration, many small rally car silhouettes massed to form a large skull, thick confident linework, limited palette of four flat spot colours on black, high contrast, screen-print separation, strong silhouette readable at arm's length, centred composition, isolated on solid black, no text, no lettering, no watermark, no gradient mesh, t-shirt graphic","text, letters, words, watermark, signature, photorealistic, 3d render, soft gradients, drop shadow, busy background, clutter, low contrast"
rally__evolution,Rally,evolution,"bold flat vector illustration, four-stage silhouette progression from child to adult ending with a rally car sliding on gravel, mud spray, thick confident linework, limited palette of four flat spot colours on black, high contrast, screen-print separation, strong silhouette readable at arm's length, centred composition, isolated on solid black, no text, no lettering, no watermark, no gradient mesh, t-shirt graphic","text, letters, words, watermark, signature, photorealistic, 3d render, soft gradients, drop shadow, busy background, clutter, low contrast"
drifting__hero,Drifting,hero,"bold flat vector illustration, a drift car in oversteer with tyre smoke, thick confident linework, limited palette of four flat spot colours on black, high contrast, screen-print separation, strong silhouette readable at arm's length, centred composition, isolated on solid black, no text, no lettering, no watermark, no gradient mesh, t-shirt graphic","text, letters, words, watermark, signature, photorealistic, 3d render, soft gradients, drop shadow, busy background, clutter, low contrast"
drifting__insider,Drifting,insider,"bold flat vector illustration, a clean technical diagram only a drifting enthusiast would recognise, thick confident linework, limited palette of four flat spot colours on black, high contrast, screen-print separation, strong silhouette readable at arm's length, centred composition, isolated on solid black, no text, no lettering, no watermark, no gradient mesh, t-shirt graphic","text, letters, words, watermark, signature, photorealistic, 3d render, soft gradients, drop shadow, busy background, clutter, low contrast"
drifting__mosaic,Drifting,mosaic,"bold flat vector illustration, many small drift car silhouettes massed to form a large skull, thick confident linework, limited palette of four flat spot colours on black, high contrast, screen-print separation, strong silhouette readable at arm's length, centred composition, isolated on solid black, no text, no lettering, no watermark, no gradient mesh, t-shirt graphic","text, letters, words, watermark, signature, photorealistic, 3d render, soft gradients, drop shadow, busy background, clutter, low contrast"
drifting__evolution,Drifting,evolution,"bold flat vector illustration, four-stage silhouette progression from child to adult ending with a drift car in oversteer with tyre smoke, thick confident linework, limited palette of four flat spot colours on black, high contrast, screen-print separation, strong silhouette readable at arm's length, centred composition, isolated on solid black, no text, no lettering, no watermark, no gradient mesh, t-shirt graphic","text, letters, words, watermark, signature, photorealistic, 3d render, soft gradients, drop shadow, busy background, clutter, low contrast"
trucker__hero,Trucker,hero,"bold flat vector illustration, an articulated lorry cab in three-quarter view, chrome stacks, thick confident linework, limited palette of four flat spot colours on black, high contrast, screen-print separation, strong silhouette readable at arm's length, centred composition, isolated on solid black, no text, no lettering, no watermark, no gradient mesh, t-shirt graphic","text, letters, words, watermark, signature, photorealistic, 3d render, soft gradients, drop shadow, busy background, clutter, low contrast"
trucker__insider,Trucker,insider,"bold flat vector illustration, a clean technical diagram only a trucker enthusiast would recognise, thick confident linework, limited palette of four flat spot colours on black, high contrast, screen-print separation, strong silhouette readable at arm's length, centred composition, isolated on solid black, no text, no lettering, no watermark, no gradient mesh, t-shirt graphic","text, letters, words, watermark, signature, photorealistic, 3d render, soft gradients, drop shadow, busy background, clutter, low contrast"
trucker__mosaic,Trucker,mosaic,"bold flat vector illustration, many small lorry silhouettes massed to form a large skull, thick confident linework, limited palette of four flat spot colours on black, high contrast, screen-print separation, strong silhouette readable at arm's length, centred composition, isolated on solid black, no text, no lettering, no watermark, no gradient mesh, t-shirt graphic","text, letters, words, watermark, signature, photorealistic, 3d render, soft gradients, drop shadow, busy background, clutter, low contrast"
trucker__evolution,Trucker,evolution,"bold flat vector illustration, four-stage silhouette progression from child to adult ending with an articulated lorry cab in three-quarter view, chrome stacks, thick confident linework, limited palette of four flat spot colours on black, high contrast, screen-print separation, strong silhouette readable at arm's length, centred composition, isolated on solid black, no text, no lettering, no watermark, no gradient mesh, t-shirt graphic","text, letters, words, watermark, signature, photorealistic, 3d render, soft gradients, drop shadow, busy background, clutter, low contrast"
camper_van__hero,Camper Van,hero,"bold flat vector illustration, a classic split-screen camper van, surfboard on the roof, thick confident linework, limited palette of four flat spot colours on black, high contrast, screen-print separation, strong silhouette readable at arm's length, centred composition, isolated on solid black, no text, no lettering, no watermark, no gradient mesh, t-shirt graphic","text, letters, words, watermark, signature, photorealistic, 3d render, soft gradients, drop shadow, busy background, clutter, low contrast"
camper_van__insider,Camper Van,insider,"bold flat vector illustration, a clean technical diagram only a camper van enthusiast would recognise, thick confident linework, limited palette of four flat spot colours on black, high contrast, screen-print separation, strong silhouette readable at arm's length, centred composition, isolated on solid black, no text, no lettering, no watermark, no gradient mesh, t-shirt graphic","text, letters, words, watermark, signature, photorealistic, 3d render, soft gradients, drop shadow, busy background, clutter, low contrast"
camper_van__mosaic,Camper Van,mosaic,"bold flat vector illustration, many small camper van silhouettes massed to form a large skull, thick confident linework, limited palette of four flat spot colours on black, high contrast, screen-print separation, strong silhouette readable at arm's length, centred composition, isolated on solid black, no text, no lettering, no watermark, no gradient mesh, t-shirt graphic","text, letters, words, watermark, signature, photorealistic, 3d render, soft gradients, drop shadow, busy background, clutter, low contrast"
camper_van__evolution,Camper Van,evolution,"bold flat vector illustration, four-stage silhouette progression from child to adult ending with a classic split-screen camper van, surfboard on the roof, thick confident linework, limited palette of four flat spot colours on black, high contrast, screen-print separation, strong silhouette readable at arm's length, centred composition, isolated on solid black, no text, no lettering, no watermark, no gradient mesh, t-shirt graphic","text, letters, words, watermark, signature, photorealistic, 3d render, soft gradients, drop shadow, busy background, clutter, low contrast"
caravanning__hero,Caravanning,hero,"bold flat vector illustration, a retro touring caravan with an awning, thick confident linework, limited palette of four flat spot colours on black, high contrast, screen-print separation, strong silhouette readable at arm's length, centred composition, isolated on solid black, no text, no lettering, no watermark, no gradient mesh, t-shirt graphic","text, letters, words, watermark, signature, photorealistic, 3d render, soft gradients, drop shadow, busy background, clutter, low contrast"
caravanning__insider,Caravanning,insider,"bold flat vector illustration, a clean technical diagram only a caravanning enthusiast would recognise, thick confident linework, limited palette of four flat spot colours on black, high contrast, screen-print separation, strong silhouette readable at arm's length, centred composition, isolated on solid black, no text, no lettering, no watermark, no gradient mesh, t-shirt graphic","text, letters, words, watermark, signature, photorealistic, 3d render, soft gradients, drop shadow, busy background, clutter, low contrast"
caravanning__mosaic,Caravanning,mosaic,"bold flat vector illustration, many small caravan silhouettes massed to form a large skull, thick confident linework, limited palette of four flat spot colours on black, high contrast, screen-print separation, strong silhouette readable at arm's length, centred composition, isolated on solid black, no text, no lettering, no watermark, no gradient mesh, t-shirt graphic","text, letters, words, watermark, signature, photorealistic, 3d render, soft gradients, drop shadow, busy background, clutter, low contrast"
caravanning__evolution,Caravanning,evolution,"bold flat vector illustration, four-stage silhouette progression from child to adult ending with a retro touring caravan with an awning, thick confident linework, limited palette of four flat spot colours on black, high contrast, screen-print separation, strong silhouette readable at arm's length, centred composition, isolated on solid black, no text, no lettering, no watermark, no gradient mesh, t-shirt graphic","text, letters, words, watermark, signature, photorealistic, 3d render, soft gradients, drop shadow, busy background, clutter, low contrast"
tractor__hero,Tractor,hero,"bold flat vector illustration, a vintage tractor in side profile, large rear tyres, thick confident linework, limited palette of four flat spot colours on black, high contrast, screen-print separation, strong silhouette readable at arm's length, centred composition, isolated on solid black, no text, no lettering, no watermark, no gradient mesh, t-shirt graphic","text, letters, words, watermark, signature, photorealistic, 3d render, soft gradients, drop shadow, busy background, clutter, low contrast"
tractor__hero__at_sunset,Tractor,hero_scene,"bold flat vector illustration, a vintage tractor in side profile, large rear tyres, at sunset, thick confident linework, limited palette of four flat spot colours on black, high contrast, screen-print separation, strong silhouette readable at arm's length, centred composition, isolated on solid black, no text, no lettering, no watermark, no gradient mesh, t-shirt graphic","text, letters, words, watermark, signature, photorealistic, 3d render, soft gradients, drop shadow, busy background, clutter, low contrast"
tractor__hero__in_a_storm,Tractor,hero_scene,"bold flat vector illustration, a vintage tractor in side profile, large rear tyres, in a storm, thick confident linework, limited palette of four flat spot colours on black, high contrast, screen-print separation, strong silhouette readable at arm's length, centred composition, isolated on solid black, no text, no lettering, no watermark, no gradient mesh, t-shirt graphic","text, letters, words, watermark, signature, photorealistic, 3d render, soft gradients, drop shadow, busy background, clutter, low contrast"
tractor__hero__on_a_mountain,Tractor,hero_scene,"bold flat vector illustration, a vintage tractor in side profile, large rear tyres, on a mountain, thick confident linework, limited palette of four flat spot colours on black, high contrast, screen-print separation, strong silhouette readable at arm's length, centred composition, isolated on solid black, no text, no lettering, no watermark, no gradient mesh, t-shirt graphic","text, letters, words, watermark, signature, photorealistic, 3d render, soft gradients, drop shadow, busy background, clutter, low contrast"
tractor__hero__by_the_coast,Tractor,hero_scene,"bold flat vector illustration, a vintage tractor in side profile, large rear tyres, by the coast, thick confident linework, limited palette of four flat spot colours on black, high contrast, screen-print separation, strong silhouette readable at arm's length, centred composition, isolated on solid black, no text, no lettering, no watermark, no gradient mesh, t-shirt graphic","text, letters, words, watermark, signature, photorealistic, 3d render, soft gradients, drop shadow, busy background, clutter, low contrast"
tractor__hero__in_the_fog,Tractor,hero_scene,"bold flat vector illustration, a vintage tractor in side profile, large rear tyres, in the fog, thick confident linework, limited palette of four flat spot colours on black, high contrast, screen-print separation, strong silhouette readable at arm's length, centred composition, isolated on solid black, no text, no lettering, no watermark, no gradient mesh, t-shirt graphic","text, letters, words, watermark, signature, photorealistic, 3d render, soft gradients, drop shadow, busy background, clutter, low contrast"
tractor__hero__at_dawn,Tractor,hero_scene,"bold flat vector illustration, a vintage tractor in side profile, large rear tyres, at dawn, thick confident linework, limited palette of four flat spot colours on black, high contrast, screen-print separation, strong silhouette readable at arm's length, centred composition, isolated on solid black, no text, no lettering, no watermark, no gradient mesh, t-shirt graphic","text, letters, words, watermark, signature, photorealistic, 3d render, soft gradients, drop shadow, busy background, clutter, low contrast"
tractor__insider,Tractor,insider,"bold flat vector illustration, a clean technical diagram only a tractor enthusiast would recognise, thick confident linework, limited palette of four flat spot colours on black, high contrast, screen-print separation, strong silhouette readable at arm's length, centred composition, isolated on solid black, no text, no lettering, no watermark, no gradient mesh, t-shirt graphic","text, letters, words, watermark, signature, photorealistic, 3d render, soft gradients, drop shadow, busy background, clutter, low contrast"
tractor__mosaic,Tractor,mosaic,"bold flat vector illustration, many small tractor silhouettes massed to form a large skull, thick confident linework, limited palette of four flat spot colours on black, high contrast, screen-print separation, strong silhouette readable at arm's length, centred composition, isolated on solid black, no text, no lettering, no watermark, no gradient mesh, t-shirt graphic","text, letters, words, watermark, signature, photorealistic, 3d render, soft gradients, drop shadow, busy background, clutter, low contrast"
tractor__mosaic__at_sunset,Tractor,mosaic_scene,"bold flat vector illustration, a vintage tractor in side profile, large rear tyres, at sunset, thick confident linework, limited palette of four flat spot colours on black, high contrast, screen-print separation, strong silhouette readable at arm's length, centred composition, isolated on solid black, no text, no lettering, no watermark, no gradient mesh, t-shirt graphic","text, letters, words, watermark, signature, photorealistic, 3d render, soft gradients, drop shadow, busy background, clutter, low contrast"
tractor__mosaic__in_a_storm,Tractor,mosaic_scene,"bold flat vector illustration, a vintage tractor in side profile, large rear tyres, in a storm, thick confident linework, limited palette of four flat spot colours on black, high contrast, screen-print separation, strong silhouette readable at arm's length, centred composition, isolated on solid black, no text, no lettering, no watermark, no gradient mesh, t-shirt graphic","text, letters, words, watermark, signature, photorealistic, 3d render, soft gradients, drop shadow, busy background, clutter, low contrast"
tractor__mosaic__on_a_mountain,Tractor,mosaic_scene,"bold flat vector illustration, a vintage tractor in side profile, large rear tyres, on a mountain, thick confident linework, limited palette of four flat spot colours on black, high contrast, screen-print separation, strong silhouette readable at arm's length, centred composition, isolated on solid black, no text, no lettering, no watermark, no gradient mesh, t-shirt graphic","text, letters, words, watermark, signature, photorealistic, 3d render, soft gradients, drop shadow, busy background, clutter, low contrast"
tractor__mosaic__by_the_coast,Tractor,mosaic_scene,"bold flat vector illustration, a vintage tractor in side profile, large rear tyres, by the coast, thick confident linework, limited palette of four flat spot colours on black, high contrast, screen-print separation, strong silhouette readable at arm's length, centred composition, isolated on solid black, no text, no lettering, no watermark, no gradient mesh, t-shirt graphic","text, letters, words, watermark, signature, photorealistic, 3d render, soft gradients, drop shadow, busy background, clutter, low contrast"
tractor__mosaic__in_the_fog,Tractor,mosaic_scene,"bold flat vector illustration, a vintage tractor in side profile, large rear tyres, in the fog, thick confident linework, limited palette of four flat spot colours on black, high contrast, screen-print separation, strong silhouette readable at arm's length, centred composition, isolated on solid black, no text, no lettering, no watermark, no gradient mesh, t-shirt graphic","text, letters, words, watermark, signature, photorealistic, 3d render, soft gradients, drop shadow, busy background, clutter, low contrast"
tractor__mosaic__at_dawn,Tractor,mosaic_scene,"bold flat vector illustration, a vintage tractor in side profile, large rear tyres, at dawn, thick confident linework, limited palette of four flat spot colours on black, high contrast, screen-print separation, strong silhouette readable at arm's length, centred composition, isolated on solid black, no text, no lettering, no watermark, no gradient mesh, t-shirt graphic","text, letters, words, watermark, signature, photorealistic, 3d render, soft gradients, drop shadow, busy background, clutter, low contrast"
tractor__evolution,Tractor,evolution,"bold flat vector illustration, four-stage silhouette progression from child to adult ending with a vintage tractor in side profile, large rear tyres, thick confident linework, limited palette of four flat spot colours on black, high contrast, screen-print separation, strong silhouette readable at arm's length, centred composition, isolated on solid black, no text, no lettering, no watermark, no gradient mesh, t-shirt graphic","text, letters, words, watermark, signature, photorealistic, 3d render, soft gradients, drop shadow, busy background, clutter, low contrast"
steam_train__hero,Steam Train,hero,"bold flat vector illustration, a steam locomotive at speed with a plume, thick confident linework, limited palette of four flat spot colours on black, high contrast, screen-print separation, strong silhouette readable at arm's length, centred composition, isolated on solid black, no text, no lettering, no watermark, no gradient mesh, t-shirt graphic","text, letters, words, watermark, signature, photorealistic, 3d render, soft gradients, drop shadow, busy background, clutter, low contrast"
steam_train__insider,Steam Train,insider,"bold flat vector illustration, a clean technical diagram only a steam train enthusiast would recognise, thick confident linework, limited palette of four flat spot colours on black, high contrast, screen-print separation, strong silhouette readable at arm's length, centred composition, isolated on solid black, no text, no lettering, no watermark, no gradient mesh, t-shirt graphic","text, letters, words, watermark, signature, photorealistic, 3d render, soft gradients, drop shadow, busy background, clutter, low contrast"
steam_train__mosaic,Steam Train,mosaic,"bold flat vector illustration, many small steam train silhouettes massed to form a large skull, thick confident linework, limited palette of four flat spot colours on black, high contrast, screen-print separation, strong silhouette readable at arm's length, centred composition, isolated on solid black, no text, no lettering, no watermark, no gradient mesh, t-shirt graphic","text, letters, words, watermark, signature, photorealistic, 3d render, soft gradients, drop shadow, busy background, clutter, low contrast"
steam_train__evolution,Steam Train,evolution,"bold flat vector illustration, four-stage silhouette progression from child to adult ending with a steam locomotive at speed with a plume, thick confident linework, limited palette of four flat spot colours on black, high contrast, screen-print separation, strong silhouette readable at arm's length, centred composition, isolated on solid black, no text, no lettering, no watermark, no gradient mesh, t-shirt graphic","text, letters, words, watermark, signature, photorealistic, 3d render, soft gradients, drop shadow, busy background, clutter, low contrast"
narrowboat__hero,Narrowboat,hero,"bold flat vector illustration, a narrowboat at a canal lock, thick confident linework, limited palette of four flat spot colours on black, high contrast, screen-print separation, strong silhouette readable at arm's length, centred composition, isolated on solid black, no text, no lettering, no watermark, no gradient mesh, t-shirt graphic","text, letters, words, watermark, signature, photorealistic, 3d render, soft gradients, drop shadow, busy background, clutter, low contrast"
narrowboat__insider,Narrowboat,insider,"bold flat vector illustration, a clean technical diagram only a narrowboat enthusiast would recognise, thick confident linework, limited palette of four flat spot colours on black, high contrast, screen-print separation, strong silhouette readable at arm's length, centred composition, isolated on solid black, no text, no lettering, no watermark, no gradient mesh, t-shirt graphic","text, letters, words, watermark, signature, photorealistic, 3d render, soft gradients, drop shadow, busy background, clutter, low contrast"
narrowboat__mosaic,Narrowboat,mosaic,"bold flat vector illustration, many small narrowboat silhouettes massed to form a large skull, thick confident linework, limited palette of four flat spot colours on black, high contrast, screen-print separation, strong silhouette readable at arm's length, centred composition, isolated on solid black, no text, no lettering, no watermark, no gradient mesh, t-shirt graphic","text, letters, words, watermark, signature, photorealistic, 3d render, soft gradients, drop shadow, busy background, clutter, low contrast"
narrowboat__evolution,Narrowboat,evolution,"bold flat vector illustration, four-stage silhouette progression from child to adult ending with a narrowboat at a canal lock, thick confident linework, limited palette of four flat spot colours on black, high contrast, screen-print separation, strong silhouette readable at arm's length, centred composition, isolated on solid black, no text, no lettering, no watermark, no gradient mesh, t-shirt graphic","text, letters, words, watermark, signature, photorealistic, 3d render, soft gradients, drop shadow, busy background, clutter, low contrast"
aviation__hero,Aviation,hero,"bold flat vector illustration, a Spitfire banking against cloud, thick confident linework, limited palette of four flat spot colours on black, high contrast, screen-print separation, strong silhouette readable at arm's length, centred composition, isolated on solid black, no text, no lettering, no watermark, no gradient mesh, t-shirt graphic","text, letters, words, watermark, signature, photorealistic, 3d render, soft gradients, drop shadow, busy background, clutter, low contrast"
aviation__insider,Aviation,insider,"bold flat vector illustration, a clean technical diagram only a aviation enthusiast would recognise, thick confident linework, limited palette of four flat spot colours on black, high contrast, screen-print separation, strong silhouette readable at arm's length, centred composition, isolated on solid black, no text, no lettering, no watermark, no gradient mesh, t-shirt graphic","text, letters, words, watermark, signature, photorealistic, 3d render, soft gradients, drop shadow, busy background, clutter, low contrast"
aviation__mosaic,Aviation,mosaic,"bold flat vector illustration, many small spitfire silhouettes massed to form a large skull, thick confident linework, limited palette of four flat spot colours on black, high contrast, screen-print separation, strong silhouette readable at arm's length, centred composition, isolated on solid black, no text, no lettering, no watermark, no gradient mesh, t-shirt graphic","text, letters, words, watermark, signature, photorealistic, 3d render, soft gradients, drop shadow, busy background, clutter, low contrast"
aviation__evolution,Aviation,evolution,"bold flat vector illustration, four-stage silhouette progression from child to adult ending with a Spitfire banking against cloud, thick confident linework, limited palette of four flat spot colours on black, high contrast, screen-print separation, strong silhouette readable at arm's length, centred composition, isolated on solid black, no text, no lettering, no watermark, no gradient mesh, t-shirt graphic","text, letters, words, watermark, signature, photorealistic, 3d render, soft gradients, drop shadow, busy background, clutter, low contrast"
sailing__hero,Sailing,hero,"bold flat vector illustration, a yacht heeling hard with spray, thick confident linework, limited palette of four flat spot colours on black, high contrast, screen-print separation, strong silhouette readable at arm's length, centred composition, isolated on solid black, no text, no lettering, no watermark, no gradient mesh, t-shirt graphic","text, letters, words, watermark, signature, photorealistic, 3d render, soft gradients, drop shadow, busy background, clutter, low contrast"
sailing__insider,Sailing,insider,"bold flat vector illustration, a clean technical diagram only a sailing enthusiast would recognise, thick confident linework, limited palette of four flat spot colours on black, high contrast, screen-print separation, strong silhouette readable at arm's length, centred composition, isolated on solid black, no text, no lettering, no watermark, no gradient mesh, t-shirt graphic","text, letters, words, watermark, signature, photorealistic, 3d render, soft gradients, drop shadow, busy background, clutter, low contrast"
sailing__mosaic,Sailing,mosaic,"bold flat vector illustration, many small sailing boat silhouettes massed to form a large skull, thick confident linework, limited palette of four flat spot colours on black, high contrast, screen-print separation, strong silhouette readable at arm's length, centred composition, isolated on solid black, no text, no lettering, no watermark, no gradient mesh, t-shirt graphic","text, letters, words, watermark, signature, photorealistic, 3d render, soft gradients, drop shadow, busy background, clutter, low contrast"
sailing__evolution,Sailing,evolution,"bold flat vector illustration, four-stage silhouette progression from child to adult ending with a yacht heeling hard with spray, thick confident linework, limited palette of four flat spot colours on black, high contrast, screen-print separation, strong silhouette readable at arm's length, centred composition, isolated on solid black, no text, no lettering, no watermark, no gradient mesh, t-shirt graphic","text, letters, words, watermark, signature, photorealistic, 3d render, soft gradients, drop shadow, busy background, clutter, low contrast"
guitar__hero,Guitar,hero,"bold flat vector illustration, an electric guitar at a three-quarter angle, thick confident linework, limited palette of four flat spot colours on black, high contrast, screen-print separation, strong silhouette readable at arm's length, centred composition, isolated on solid black, no text, no lettering, no watermark, no gradient mesh, t-shirt graphic","text, letters, words, watermark, signature, photorealistic, 3d render, soft gradients, drop shadow, busy background, clutter, low contrast"
guitar__hero__at_sunset,Guitar,hero_scene,"bold flat vector illustration, an electric guitar at a three-quarter angle, at sunset, thick confident linework, limited palette of four flat spot colours on black, high contrast, screen-print separation, strong silhouette readable at arm's length, centred composition, isolated on solid black, no text, no lettering, no watermark, no gradient mesh, t-shirt graphic","text, letters, words, watermark, signature, photorealistic, 3d render, soft gradients, drop shadow, busy background, clutter, low contrast"
guitar__hero__in_a_storm,Guitar,hero_scene,"bold flat vector illustration, an electric guitar at a three-quarter angle, in a storm, thick confident linework, limited palette of four flat spot colours on black, high contrast, screen-print separation, strong silhouette readable at arm's length, centred composition, isolated on solid black, no text, no lettering, no watermark, no gradient mesh, t-shirt graphic","text, letters, words, watermark, signature, photorealistic, 3d render, soft gradients, drop shadow, busy background, clutter, low contrast"
guitar__hero__on_a_mountain,Guitar,hero_scene,"bold flat vector illustration, an electric guitar at a three-quarter angle, on a mountain, thick confident linework, limited palette of four flat spot colours on black, high contrast, screen-print separation, strong silhouette readable at arm's length, centred composition, isolated on solid black, no text, no lettering, no watermark, no gradient mesh, t-shirt graphic","text, letters, words, watermark, signature, photorealistic, 3d render, soft gradients, drop shadow, busy background, clutter, low contrast"
guitar__hero__by_the_coast,Guitar,hero_scene,"bold flat vector illustration, an electric guitar at a three-quarter angle, by the coast, thick confident linework, limited palette of four flat spot colours on black, high contrast, screen-print separation, strong silhouette readable at arm's length, centred composition, isolated on solid black, no text, no lettering, no watermark, no gradient mesh, t-shirt graphic","text, letters, words, watermark, signature, photorealistic, 3d render, soft gradients, drop shadow, busy background, clutter, low contrast"
guitar__hero__in_the_fog,Guitar,hero_scene,"bold flat vector illustration, an electric guitar at a three-quarter angle, in the fog, thick confident linework, limited palette of four flat spot colours on black, high contrast, screen-print separation, strong silhouette readable at arm's length, centred composition, isolated on solid black, no text, no lettering, no watermark, no gradient mesh, t-shirt graphic","text, letters, words, watermark, signature, photorealistic, 3d render, soft gradients, drop shadow, busy background, clutter, low contrast"
guitar__hero__at_dawn,Guitar,hero_scene,"bold flat vector illustration, an electric guitar at a three-quarter angle, at dawn, thick confident linework, limited palette of four flat spot colours on black, high contrast, screen-print separation, strong silhouette readable at arm's length, centred composition, isolated on solid black, no text, no lettering, no watermark, no gradient mesh, t-shirt graphic","text, letters, words, watermark, signature, photorealistic, 3d render, soft gradients, drop shadow, busy background, clutter, low contrast"
guitar__insider,Guitar,insider,"bold flat vector illustration, a clean technical diagram only a guitar enthusiast would recognise, thick confident linework, limited palette of four flat spot colours on black, high contrast, screen-print separation, strong silhouette readable at arm's length, centred composition, isolated on solid black, no text, no lettering, no watermark, no gradient mesh, t-shirt graphic","text, letters, words, watermark, signature, photorealistic, 3d render, soft gradients, drop shadow, busy background, clutter, low contrast"
guitar__mosaic,Guitar,mosaic,"bold flat vector illustration, many small guitar silhouettes massed to form a large skull, thick confident linework, limited palette of four flat spot colours on black, high contrast, screen-print separation, strong silhouette readable at arm's length, centred composition, isolated on solid black, no text, no lettering, no watermark, no gradient mesh, t-shirt graphic","text, letters, words, watermark, signature, photorealistic, 3d render, soft gradients, drop shadow, busy background, clutter, low contrast"
guitar__mosaic__at_sunset,Guitar,mosaic_scene,"bold flat vector illustration, an electric guitar at a three-quarter angle, at sunset, thick confident linework, limited palette of four flat spot colours on black, high contrast, screen-print separation, strong silhouette readable at arm's length, centred composition, isolated on solid black, no text, no lettering, no watermark, no gradient mesh, t-shirt graphic","text, letters, words, watermark, signature, photorealistic, 3d render, soft gradients, drop shadow, busy background, clutter, low contrast"
guitar__mosaic__in_a_storm,Guitar,mosaic_scene,"bold flat vector illustration, an electric guitar at a three-quarter angle, in a storm, thick confident linework, limited palette of four flat spot colours on black, high contrast, screen-print separation, strong silhouette readable at arm's length, centred composition, isolated on solid black, no text, no lettering, no watermark, no gradient mesh, t-shirt graphic","text, letters, words, watermark, signature, photorealistic, 3d render, soft gradients, drop shadow, busy background, clutter, low contrast"
guitar__mosaic__on_a_mountain,Guitar,mosaic_scene,"bold flat vector illustration, an electric guitar at a three-quarter angle, on a mountain, thick confident linework, limited palette of four flat spot colours on black, high contrast, screen-print separation, strong silhouette readable at arm's length, centred composition, isolated on solid black, no text, no lettering, no watermark, no gradient mesh, t-shirt graphic","text, letters, words, watermark, signature, photorealistic, 3d render, soft gradients, drop shadow, busy background, clutter, low contrast"
guitar__mosaic__by_the_coast,Guitar,mosaic_scene,"bold flat vector illustration, an electric guitar at a three-quarter angle, by the coast, thick confident linework, limited palette of four flat spot colours on black, high contrast, screen-print separation, strong silhouette readable at arm's length, centred composition, isolated on solid black, no text, no lettering, no watermark, no gradient mesh, t-shirt graphic","text, letters, words, watermark, signature, photorealistic, 3d render, soft gradients, drop shadow, busy background, clutter, low contrast"
guitar__mosaic__in_the_fog,Guitar,mosaic_scene,"bold flat vector illustration, an electric guitar at a three-quarter angle, in the fog, thick confident linework, limited palette of four flat spot colours on black, high contrast, screen-print separation, strong silhouette readable at arm's length, centred composition, isolated on solid black, no text, no lettering, no watermark, no gradient mesh, t-shirt graphic","text, letters, words, watermark, signature, photorealistic, 3d render, soft gradients, drop shadow, busy background, clutter, low contrast"
guitar__mosaic__at_dawn,Guitar,mosaic_scene,"bold flat vector illustration, an electric guitar at a three-quarter angle, at dawn, thick confident linework, limited palette of four flat spot colours on black, high contrast, screen-print separation, strong silhouette readable at arm's length, centred composition, isolated on solid black, no text, no lettering, no watermark, no gradient mesh, t-shirt graphic","text, letters, words, watermark, signature, photorealistic, 3d render, soft gradients, drop shadow, busy background, clutter, low contrast"
guitar__evolution,Guitar,evolution,"bold flat vector illustration, four-stage silhouette progression from child to adult ending with an electric guitar at a three-quarter angle, thick confident linework, limited palette of four flat spot colours on black, high contrast, screen-print separation, strong silhouette readable at arm's length, centred composition, isolated on solid black, no text, no lettering, no watermark, no gradient mesh, t-shirt graphic","text, letters, words, watermark, signature, photorealistic, 3d render, soft gradients, drop shadow, busy background, clutter, low contrast"
acoustic_guitar__hero,Acoustic Guitar,hero,"bold flat vector illustration, an acoustic guitar with open sound hole detail, thick confident linework, limited palette of four flat spot colours on black, high contrast, screen-print separation, strong silhouette readable at arm's length, centred composition, isolated on solid black, no text, no lettering, no watermark, no gradient mesh, t-shirt graphic","text, letters, words, watermark, signature, photorealistic, 3d render, soft gradients, drop shadow, busy background, clutter, low contrast"
acoustic_guitar__hero__at_sunset,Acoustic Guitar,hero_scene,"bold flat vector illustration, an acoustic guitar with open sound hole detail, at sunset, thick confident linework, limited palette of four flat spot colours on black, high contrast, screen-print separation, strong silhouette readable at arm's length, centred composition, isolated on solid black, no text, no lettering, no watermark, no gradient mesh, t-shirt graphic","text, letters, words, watermark, signature, photorealistic, 3d render, soft gradients, drop shadow, busy background, clutter, low contrast"
acoustic_guitar__hero__in_a_storm,Acoustic Guitar,hero_scene,"bold flat vector illustration, an acoustic guitar with open sound hole detail, in a storm, thick confident linework, limited palette of four flat spot colours on black, high contrast, screen-print separation, strong silhouette readable at arm's length, centred composition, isolated on solid black, no text, no lettering, no watermark, no gradient mesh, t-shirt graphic","text, letters, words, watermark, signature, photorealistic, 3d render, soft gradients, drop shadow, busy background, clutter, low contrast"
acoustic_guitar__hero__on_a_mountain,Acoustic Guitar,hero_scene,"bold flat vector illustration, an acoustic guitar with open sound hole detail, on a mountain, thick confident linework, limited palette of four flat spot colours on black, high contrast, screen-print separation, strong silhouette readable at arm's length, centred composition, isolated on solid black, no text, no lettering, no watermark, no gradient mesh, t-shirt graphic","text, letters, words, watermark, signature, photorealistic, 3d render, soft gradients, drop shadow, busy background, clutter, low contrast"
acoustic_guitar__hero__by_the_coast,Acoustic Guitar,hero_scene,"bold flat vector illustration, an acoustic guitar with open sound hole detail, by the coast, thick confident linework, limited palette of four flat spot colours on black, high contrast, screen-print separation, strong silhouette readable at arm's length, centred composition, isolated on solid black, no text, no lettering, no watermark, no gradient mesh, t-shirt graphic","text, letters, words, watermark, signature, photorealistic, 3d render, soft gradients, drop shadow, busy background, clutter, low contrast"
acoustic_guitar__hero__in_the_fog,Acoustic Guitar,hero_scene,"bold flat vector illustration, an acoustic guitar with open sound hole detail, in the fog, thick confident linework, limited palette of four flat spot colours on black, high contrast, screen-print separation, strong silhouette readable at arm's length, centred composition, isolated on solid black, no text, no lettering, no watermark, no gradient mesh, t-shirt graphic","text, letters, words, watermark, signature, photorealistic, 3d render, soft gradients, drop shadow, busy background, clutter, low contrast"
acoustic_guitar__hero__at_dawn,Acoustic Guitar,hero_scene,"bold flat vector illustration, an acoustic guitar with open sound hole detail, at dawn, thick confident linework, limited palette of four flat spot colours on black, high contrast, screen-print separation, strong silhouette readable at arm's length, centred composition, isolated on solid black, no text, no lettering, no watermark, no gradient mesh, t-shirt graphic","text, letters, words, watermark, signature, photorealistic, 3d render, soft gradients, drop shadow, busy background, clutter, low contrast"
acoustic_guitar__insider,Acoustic Guitar,insider,"bold flat vector illustration, a clean technical diagram only a acoustic guitar enthusiast would recognise, thick confident linework, limited palette of four flat spot colours on black, high contrast, screen-print separation, strong silhouette readable at arm's length, centred composition, isolated on solid black, no text, no lettering, no watermark, no gradient mesh, t-shirt graphic","text, letters, words, watermark, signature, photorealistic, 3d render, soft gradients, drop shadow, busy background, clutter, low contrast"
acoustic_guitar__mosaic,Acoustic Guitar,mosaic,"bold flat vector illustration, many small acoustic guitar silhouettes massed to form a large skull, thick confident linework, limited palette of four flat spot colours on black, high contrast, screen-print separation, strong silhouette readable at arm's length, centred composition, isolated on solid black, no text, no lettering, no watermark, no gradient mesh, t-shirt graphic","text, letters, words, watermark, signature, photorealistic, 3d render, soft gradients, drop shadow, busy background, clutter, low contrast"
acoustic_guitar__mosaic__at_sunset,Acoustic Guitar,mosaic_scene,"bold flat vector illustration, an acoustic guitar with open sound hole detail, at sunset, thick confident linework, limited palette of four flat spot colours on black, high contrast, screen-print separation, strong silhouette readable at arm's length, centred composition, isolated on solid black, no text, no lettering, no watermark, no gradient mesh, t-shirt graphic","text, letters, words, watermark, signature, photorealistic, 3d render, soft gradients, drop shadow, busy background, clutter, low contrast"
acoustic_guitar__mosaic__in_a_storm,Acoustic Guitar,mosaic_scene,"bold flat vector illustration, an acoustic guitar with open sound hole detail, in a storm, thick confident linework, limited palette of four flat spot colours on black, high contrast, screen-print separation, strong silhouette readable at arm's length, centred composition, isolated on solid black, no text, no lettering, no watermark, no gradient mesh, t-shirt graphic","text, letters, words, watermark, signature, photorealistic, 3d render, soft gradients, drop shadow, busy background, clutter, low contrast"
acoustic_guitar__mosaic__on_a_mountain,Acoustic Guitar,mosaic_scene,"bold flat vector illustration, an acoustic guitar with open sound hole detail, on a mountain, thick confident linework, limited palette of four flat spot colours on black, high contrast, screen-print separation, strong silhouette readable at arm's length, centred composition, isolated on solid black, no text, no lettering, no watermark, no gradient mesh, t-shirt graphic","text, letters, words, watermark, signature, photorealistic, 3d render, soft gradients, drop shadow, busy background, clutter, low contrast"
acoustic_guitar__mosaic__by_the_coast,Acoustic Guitar,mosaic_scene,"bold flat vector illustration, an acoustic guitar with open sound hole detail, by the coast, thick confident linework, limited palette of four flat spot colours on black, high contrast, screen-print separation, strong silhouette readable at arm's length, centred composition, isolated on solid black, no text, no lettering, no watermark, no gradient mesh, t-shirt graphic","text, letters, words, watermark, signature, photorealistic, 3d render, soft gradients, drop shadow, busy background, clutter, low contrast"
acoustic_guitar__mosaic__in_the_fog,Acoustic Guitar,mosaic_scene,"bold flat vector illustration, an acoustic guitar with open sound hole detail, in the fog, thick confident linework, limited palette of four flat spot colours on black, high contrast, screen-print separation, strong silhouette readable at arm's length, centred composition, isolated on solid black, no text, no lettering, no watermark, no gradient mesh, t-shirt graphic","text, letters, words, watermark, signature, photorealistic, 3d render, soft gradients, drop shadow, busy background, clutter, low contrast"
acoustic_guitar__mosaic__at_dawn,Acoustic Guitar,mosaic_scene,"bold flat vector illustration, an acoustic guitar with open sound hole detail, at dawn, thick confident linework, limited palette of four flat spot colours on black, high contrast, screen-print separation, strong silhouette readable at arm's length, centred composition, isolated on solid black, no text, no lettering, no watermark, no gradient mesh, t-shirt graphic","text, letters, words, watermark, signature, photorealistic, 3d render, soft gradients, drop shadow, busy background, clutter, low contrast"
acoustic_guitar__evolution,Acoustic Guitar,evolution,"bold flat vector illustration, four-stage silhouette progression from child to adult ending with an acoustic guitar with open sound hole detail, thick confident linework, limited palette of four flat spot colours on black, high contrast, screen-print separation, strong silhouette readable at arm's length, centred composition, isolated on solid black, no text, no lettering, no watermark, no gradient mesh, t-shirt graphic","text, letters, words, watermark, signature, photorealistic, 3d render, soft gradients, drop shadow, busy background, clutter, low contrast"
drumming__hero,Drumming,hero,"bold flat vector illustration, a full drum kit seen from the drummer's side, thick confident linework, limited palette of four flat spot colours on black, high contrast, screen-print separation, strong silhouette readable at arm's length, centred composition, isolated on solid black, no text, no lettering, no watermark, no gradient mesh, t-shirt graphic","text, letters, words, watermark, signature, photorealistic, 3d render, soft gradients, drop shadow, busy background, clutter, low contrast"
drumming__hero__at_sunset,Drumming,hero_scene,"bold flat vector illustration, a full drum kit seen from the drummer's side, at sunset, thick confident linework, limited palette of four flat spot colours on black, high contrast, screen-print separation, strong silhouette readable at arm's length, centred composition, isolated on solid black, no text, no lettering, no watermark, no gradient mesh, t-shirt graphic","text, letters, words, watermark, signature, photorealistic, 3d render, soft gradients, drop shadow, busy background, clutter, low contrast"
drumming__hero__in_a_storm,Drumming,hero_scene,"bold flat vector illustration, a full drum kit seen from the drummer's side, in a storm, thick confident linework, limited palette of four flat spot colours on black, high contrast, screen-print separation, strong silhouette readable at arm's length, centred composition, isolated on solid black, no text, no lettering, no watermark, no gradient mesh, t-shirt graphic","text, letters, words, watermark, signature, photorealistic, 3d render, soft gradients, drop shadow, busy background, clutter, low contrast"
drumming__hero__on_a_mountain,Drumming,hero_scene,"bold flat vector illustration, a full drum kit seen from the drummer's side, on a mountain, thick confident linework, limited palette of four flat spot colours on black, high contrast, screen-print separation, strong silhouette readable at arm's length, centred composition, isolated on solid black, no text, no lettering, no watermark, no gradient mesh, t-shirt graphic","text, letters, words, watermark, signature, photorealistic, 3d render, soft gradients, drop shadow, busy background, clutter, low contrast"
drumming__hero__by_the_coast,Drumming,hero_scene,"bold flat vector illustration, a full drum kit seen from the drummer's side, by the coast, thick confident linework, limited palette of four flat spot colours on black, high contrast, screen-print separation, strong silhouette readable at arm's length, centred composition, isolated on solid black, no text, no lettering, no watermark, no gradient mesh, t-shirt graphic","text, letters, words, watermark, signature, photorealistic, 3d render, soft gradients, drop shadow, busy background, clutter, low contrast"
drumming__hero__in_the_fog,Drumming,hero_scene,"bold flat vector illustration, a full drum kit seen from the drummer's side, in the fog, thick confident linework, limited palette of four flat spot colours on black, high contrast, screen-print separation, strong silhouette readable at arm's length, centred composition, isolated on solid black, no text, no lettering, no watermark, no gradient mesh, t-shirt graphic","text, letters, words, watermark, signature, photorealistic, 3d render, soft gradients, drop shadow, busy background, clutter, low contrast"
drumming__hero__at_dawn,Drumming,hero_scene,"bold flat vector illustration, a full drum kit seen from the drummer's side, at dawn, thick confident linework, limited palette of four flat spot colours on black, high contrast, screen-print separation, strong silhouette readable at arm's length, centred composition, isolated on solid black, no text, no lettering, no watermark, no gradient mesh, t-shirt graphic","text, letters, words, watermark, signature, photorealistic, 3d render, soft gradients, drop shadow, busy background, clutter, low contrast"
drumming__insider,Drumming,insider,"bold flat vector illustration, a clean technical diagram only a drumming enthusiast would recognise, thick confident linework, limited palette of four flat spot colours on black, high contrast, screen-print separation, strong silhouette readable at arm's length, centred composition, isolated on solid black, no text, no lettering, no watermark, no gradient mesh, t-shirt graphic","text, letters, words, watermark, signature, photorealistic, 3d render, soft gradients, drop shadow, busy background, clutter, low contrast"
drumming__mosaic,Drumming,mosaic,"bold flat vector illustration, many small drum kit silhouettes massed to form a large skull, thick confident linework, limited palette of four flat spot colours on black, high contrast, screen-print separation, strong silhouette readable at arm's length, centred composition, isolated on solid black, no text, no lettering, no watermark, no gradient mesh, t-shirt graphic","text, letters, words, watermark, signature, photorealistic, 3d render, soft gradients, drop shadow, busy background, clutter, low contrast"
drumming__mosaic__at_sunset,Drumming,mosaic_scene,"bold flat vector illustration, a full drum kit seen from the drummer's side, at sunset, thick confident linework, limited palette of four flat spot colours on black, high contrast, screen-print separation, strong silhouette readable at arm's length, centred composition, isolated on solid black, no text, no lettering, no watermark, no gradient mesh, t-shirt graphic","text, letters, words, watermark, signature, photorealistic, 3d render, soft gradients, drop shadow, busy background, clutter, low contrast"
drumming__mosaic__in_a_storm,Drumming,mosaic_scene,"bold flat vector illustration, a full drum kit seen from the drummer's side, in a storm, thick confident linework, limited palette of four flat spot colours on black, high contrast, screen-print separation, strong silhouette readable at arm's length, centred composition, isolated on solid black, no text, no lettering, no watermark, no gradient mesh, t-shirt graphic","text, letters, words, watermark, signature, photorealistic, 3d render, soft gradients, drop shadow, busy background, clutter, low contrast"
drumming__mosaic__on_a_mountain,Drumming,mosaic_scene,"bold flat vector illustration, a full drum kit seen from the drummer's side, on a mountain, thick confident linework, limited palette of four flat spot colours on black, high contrast, screen-print separation, strong silhouette readable at arm's length, centred composition, isolated on solid black, no text, no lettering, no watermark, no gradient mesh, t-shirt graphic","text, letters, words, watermark, signature, photorealistic, 3d render, soft gradients, drop shadow, busy background, clutter, low contrast"
drumming__mosaic__by_the_coast,Drumming,mosaic_scene,"bold flat vector illustration, a full drum kit seen from the drummer's side, by the coast, thick confident linework, limited palette of four flat spot colours on black, high contrast, screen-print separation, strong silhouette readable at arm's length, centred composition, isolated on solid black, no text, no lettering, no watermark, no gradient mesh, t-shirt graphic","text, letters, words, watermark, signature, photorealistic, 3d render, soft gradients, drop shadow, busy background, clutter, low contrast"
drumming__mosaic__in_the_fog,Drumming,mosaic_scene,"bold flat vector illustration, a full drum kit seen from the drummer's side, in the fog, thick confident linework, limited palette of four flat spot colours on black, high contrast, screen-print separation, strong silhouette readable at arm's length, centred composition, isolated on solid black, no text, no lettering, no watermark, no gradient mesh, t-shirt graphic","text, letters, words, watermark, signature, photorealistic, 3d render, soft gradients, drop shadow, busy background, clutter, low contrast"
drumming__mosaic__at_dawn,Drumming,mosaic_scene,"bold flat vector illustration, a full drum kit seen from the drummer's side, at dawn, thick confident linework, limited palette of four flat spot colours on black, high contrast, screen-print separation, strong silhouette readable at arm's length, centred composition, isolated on solid black, no text, no lettering, no watermark, no gradient mesh, t-shirt graphic","text, letters, words, watermark, signature, photorealistic, 3d render, soft gradients, drop shadow, busy background, clutter, low contrast"
drumming__evolution,Drumming,evolution,"bold flat vector illustration, four-stage silhouette progression from child to adult ending with a full drum kit seen from the drummer's side, thick confident linework, limited palette of four flat spot colours on black, high contrast, screen-print separation, strong silhouette readable at arm's length, centred composition, isolated on solid black, no text, no lettering, no watermark, no gradient mesh, t-shirt graphic","text, letters, words, watermark, signature, photorealistic, 3d render, soft gradients, drop shadow, busy background, clutter, low contrast"
bass__hero,Bass,hero,"bold flat vector illustration, a bass guitar in side profile, thick confident linework, limited palette of four flat spot colours on black, high contrast, screen-print separation, strong silhouette readable at arm's length, centred composition, isolated on solid black, no text, no lettering, no watermark, no gradient mesh, t-shirt graphic","text, letters, words, watermark, signature, photorealistic, 3d render, soft gradients, drop shadow, busy background, clutter, low contrast"
bass__hero__at_sunset,Bass,hero_scene,"bold flat vector illustration, a bass guitar in side profile, at sunset, thick confident linework, limited palette of four flat spot colours on black, high contrast, screen-print separation, strong silhouette readable at arm's length, centred composition, isolated on solid black, no text, no lettering, no watermark, no gradient mesh, t-shirt graphic","text, letters, words, watermark, signature, photorealistic, 3d render, soft gradients, drop shadow, busy background, clutter, low contrast"
bass__hero__in_a_storm,Bass,hero_scene,"bold flat vector illustration, a bass guitar in side profile, in a storm, thick confident linework, limited palette of four flat spot colours on black, high contrast, screen-print separation, strong silhouette readable at arm's length, centred composition, isolated on solid black, no text, no lettering, no watermark, no gradient mesh, t-shirt graphic","text, letters, words, watermark, signature, photorealistic, 3d render, soft gradients, drop shadow, busy background, clutter, low contrast"
bass__hero__on_a_mountain,Bass,hero_scene,"bold flat vector illustration, a bass guitar in side profile, on a mountain, thick confident linework, limited palette of four flat spot colours on black, high contrast, screen-print separation, strong silhouette readable at arm's length, centred composition, isolated on solid black, no text, no lettering, no watermark, no gradient mesh, t-shirt graphic","text, letters, words, watermark, signature, photorealistic, 3d render, soft gradients, drop shadow, busy background, clutter, low contrast"
bass__hero__by_the_coast,Bass,hero_scene,"bold flat vector illustration, a bass guitar in side profile, by the coast, thick confident linework, limited palette of four flat spot colours on black, high contrast, screen-print separation, strong silhouette readable at arm's length, centred composition, isolated on solid black, no text, no lettering, no watermark, no gradient mesh, t-shirt graphic","text, letters, words, watermark, signature, photorealistic, 3d render, soft gradients, drop shadow, busy background, clutter, low contrast"
bass__hero__in_the_fog,Bass,hero_scene,"bold flat vector illustration, a bass guitar in side profile, in the fog, thick confident linework, limited palette of four flat spot colours on black, high contrast, screen-print separation, strong silhouette readable at arm's length, centred composition, isolated on solid black, no text, no lettering, no watermark, no gradient mesh, t-shirt graphic","text, letters, words, watermark, signature, photorealistic, 3d render, soft gradients, drop shadow, busy background, clutter, low contrast"
bass__hero__at_dawn,Bass,hero_scene,"bold flat vector illustration, a bass guitar in side profile, at dawn, thick confident linework, limited palette of four flat spot colours on black, high contrast, screen-print separation, strong silhouette readable at arm's length, centred composition, isolated on solid black, no text, no lettering, no watermark, no gradient mesh, t-shirt graphic","text, letters, words, watermark, signature, photorealistic, 3d render, soft gradients, drop shadow, busy background, clutter, low contrast"
bass__insider,Bass,insider,"bold flat vector illustration, a clean technical diagram only a bass enthusiast would recognise, thick confident linework, limited palette of four flat spot colours on black, high contrast, screen-print separation, strong silhouette readable at arm's length, centred composition, isolated on solid black, no text, no lettering, no watermark, no gradient mesh, t-shirt graphic","text, letters, words, watermark, signature, photorealistic, 3d render, soft gradients, drop shadow, busy background, clutter, low contrast"
bass__mosaic,Bass,mosaic,"bold flat vector illustration, many small bass guitar silhouettes massed to form a large skull, thick confident linework, limited palette of four flat spot colours on black, high contrast, screen-print separation, strong silhouette readable at arm's length, centred composition, isolated on solid black, no text, no lettering, no watermark, no gradient mesh, t-shirt graphic","text, letters, words, watermark, signature, photorealistic, 3d render, soft gradients, drop shadow, busy background, clutter, low contrast"
bass__mosaic__at_sunset,Bass,mosaic_scene,"bold flat vector illustration, a bass guitar in side profile, at sunset, thick confident linework, limited palette of four flat spot colours on black, high contrast, screen-print separation, strong silhouette readable at arm's length, centred composition, isolated on solid black, no text, no lettering, no watermark, no gradient mesh, t-shirt graphic","text, letters, words, watermark, signature, photorealistic, 3d render, soft gradients, drop shadow, busy background, clutter, low contrast"
bass__mosaic__in_a_storm,Bass,mosaic_scene,"bold flat vector illustration, a bass guitar in side profile, in a storm, thick confident linework, limited palette of four flat spot colours on black, high contrast, screen-print separation, strong silhouette readable at arm's length, centred composition, isolated on solid black, no text, no lettering, no watermark, no gradient mesh, t-shirt graphic","text, letters, words, watermark, signature, photorealistic, 3d render, soft gradients, drop shadow, busy background, clutter, low contrast"
bass__mosaic__on_a_mountain,Bass,mosaic_scene,"bold flat vector illustration, a bass guitar in side profile, on a mountain, thick confident linework, limited palette of four flat spot colours on black, high contrast, screen-print separation, strong silhouette readable at arm's length, centred composition, isolated on solid black, no text, no lettering, no watermark, no gradient mesh, t-shirt graphic","text, letters, words, watermark, signature, photorealistic, 3d render, soft gradients, drop shadow, busy background, clutter, low contrast"
bass__mosaic__by_the_coast,Bass,mosaic_scene,"bold flat vector illustration, a bass guitar in side profile, by the coast, thick confident linework, limited palette of four flat spot colours on black, high contrast, screen-print separation, strong silhouette readable at arm's length, centred composition, isolated on solid black, no text, no lettering, no watermark, no gradient mesh, t-shirt graphic","text, letters, words, watermark, signature, photorealistic, 3d render, soft gradients, drop shadow, busy background, clutter, low contrast"
bass__mosaic__in_the_fog,Bass,mosaic_scene,"bold flat vector illustration, a bass guitar in side profile, in the fog, thick confident linework, limited palette of four flat spot colours on black, high contrast, screen-print separation, strong silhouette readable at arm's length, centred composition, isolated on solid black, no text, no lettering, no watermark, no gradient mesh, t-shirt graphic","text, letters, words, watermark, signature, photorealistic, 3d render, soft gradients, drop shadow, busy background, clutter, low contrast"
bass__mosaic__at_dawn,Bass,mosaic_scene,"bold flat vector illustration, a bass guitar in side profile, at dawn, thick confident linework, limited palette of four flat spot colours on black, high contrast, screen-print separation, strong silhouette readable at arm's length, centred composition, isolated on solid black, no text, no lettering, no watermark, no gradient mesh, t-shirt graphic","text, letters, words, watermark, signature, photorealistic, 3d render, soft gradients, drop shadow, busy background, clutter, low contrast"
bass__evolution,Bass,evolution,"bold flat vector illustration, four-stage silhouette progression from child to adult ending with a bass guitar in side profile, thick confident linework, limited palette of four flat spot colours on black, high contrast, screen-print separation, strong silhouette readable at arm's length, centred composition, isolated on solid black, no text, no lettering, no watermark, no gradient mesh, t-shirt graphic","text, letters, words, watermark, signature, photorealistic, 3d render, soft gradients, drop shadow, busy background, clutter, low contrast"
vinyl__hero,Vinyl,hero,"bold flat vector illustration, a record spinning on a turntable with the arm down, thick confident linework, limited palette of four flat spot colours on black, high contrast, screen-print separation, strong silhouette readable at arm's length, centred composition, isolated on solid black, no text, no lettering, no watermark, no gradient mesh, t-shirt graphic","text, letters, words, watermark, signature, photorealistic, 3d render, soft gradients, drop shadow, busy background, clutter, low contrast"
vinyl__insider,Vinyl,insider,"bold flat vector illustration, a clean technical diagram only a vinyl enthusiast would recognise, thick confident linework, limited palette of four flat spot colours on black, high contrast, screen-print separation, strong silhouette readable at arm's length, centred composition, isolated on solid black, no text, no lettering, no watermark, no gradient mesh, t-shirt graphic","text, letters, words, watermark, signature, photorealistic, 3d render, soft gradients, drop shadow, busy background, clutter, low contrast"
vinyl__mosaic,Vinyl,mosaic,"bold flat vector illustration, many small turntable silhouettes massed to form a large skull, thick confident linework, limited palette of four flat spot colours on black, high contrast, screen-print separation, strong silhouette readable at arm's length, centred composition, isolated on solid black, no text, no lettering, no watermark, no gradient mesh, t-shirt graphic","text, letters, words, watermark, signature, photorealistic, 3d render, soft gradients, drop shadow, busy background, clutter, low contrast"
vinyl__evolution,Vinyl,evolution,"bold flat vector illustration, four-stage silhouette progression from child to adult ending with a record spinning on a turntable with the arm down, thick confident linework, limited palette of four flat spot colours on black, high contrast, screen-print separation, strong silhouette readable at arm's length, centred composition, isolated on solid black, no text, no lettering, no watermark, no gradient mesh, t-shirt graphic","text, letters, words, watermark, signature, photorealistic, 3d render, soft gradients, drop shadow, busy background, clutter, low contrast"
saxophone__hero,Saxophone,hero,"bold flat vector illustration, a saxophone at a three-quarter angle, thick confident linework, limited palette of four flat spot colours on black, high contrast, screen-print separation, strong silhouette readable at arm's length, centred composition, isolated on solid black, no text, no lettering, no watermark, no gradient mesh, t-shirt graphic","text, letters, words, watermark, signature, photorealistic, 3d render, soft gradients, drop shadow, busy background, clutter, low contrast"
saxophone__insider,Saxophone,insider,"bold flat vector illustration, a clean technical diagram only a saxophone enthusiast would recognise, thick confident linework, limited palette of four flat spot colours on black, high contrast, screen-print separation, strong silhouette readable at arm's length, centred composition, isolated on solid black, no text, no lettering, no watermark, no gradient mesh, t-shirt graphic","text, letters, words, watermark, signature, photorealistic, 3d render, soft gradients, drop shadow, busy background, clutter, low contrast"
saxophone__mosaic,Saxophone,mosaic,"bold flat vector illustration, many small saxophone silhouettes massed to form a large skull, thick confident linework, limited palette of four flat spot colours on black, high contrast, screen-print separation, strong silhouette readable at arm's length, centred composition, isolated on solid black, no text, no lettering, no watermark, no gradient mesh, t-shirt graphic","text, letters, words, watermark, signature, photorealistic, 3d render, soft gradients, drop shadow, busy background, clutter, low contrast"
saxophone__evolution,Saxophone,evolution,"bold flat vector illustration, four-stage silhouette progression from child to adult ending with a saxophone at a three-quarter angle, thick confident linework, limited palette of four flat spot colours on black, high contrast, screen-print separation, strong silhouette readable at arm's length, centred composition, isolated on solid black, no text, no lettering, no watermark, no gradient mesh, t-shirt graphic","text, letters, words, watermark, signature, photorealistic, 3d render, soft gradients, drop shadow, busy background, clutter, low contrast"
piano__hero,Piano,hero,"bold flat vector illustration, grand piano keys in dramatic perspective, thick confident linework, limited palette of four flat spot colours on black, high contrast, screen-print separation, strong silhouette readable at arm's length, centred composition, isolated on solid black, no text, no lettering, no watermark, no gradient mesh, t-shirt graphic","text, letters, words, watermark, signature, photorealistic, 3d render, soft gradients, drop shadow, busy background, clutter, low contrast"
piano__insider,Piano,insider,"bold flat vector illustration, a clean technical diagram only a piano enthusiast would recognise, thick confident linework, limited palette of four flat spot colours on black, high contrast, screen-print separation, strong silhouette readable at arm's length, centred composition, isolated on solid black, no text, no lettering, no watermark, no gradient mesh, t-shirt graphic","text, letters, words, watermark, signature, photorealistic, 3d render, soft gradients, drop shadow, busy background, clutter, low contrast"
piano__mosaic,Piano,mosaic,"bold flat vector illustration, many small piano silhouettes massed to form a large skull, thick confident linework, limited palette of four flat spot colours on black, high contrast, screen-print separation, strong silhouette readable at arm's length, centred composition, isolated on solid black, no text, no lettering, no watermark, no gradient mesh, t-shirt graphic","text, letters, words, watermark, signature, photorealistic, 3d render, soft gradients, drop shadow, busy background, clutter, low contrast"
piano__evolution,Piano,evolution,"bold flat vector illustration, four-stage silhouette progression from child to adult ending with grand piano keys in dramatic perspective, thick confident linework, limited palette of four flat spot colours on black, high contrast, screen-print separation, strong silhouette readable at arm's length, centred composition, isolated on solid black, no text, no lettering, no watermark, no gradient mesh, t-shirt graphic","text, letters, words, watermark, signature, photorealistic, 3d render, soft gradients, drop shadow, busy background, clutter, low contrast"
live_music__hero,Live Music,hero,"bold flat vector illustration, a stack of amplifiers and a microphone stand, thick confident linework, limited palette of four flat spot colours on black, high contrast, screen-print separation, strong silhouette readable at arm's length, centred composition, isolated on solid black, no text, no lettering, no watermark, no gradient mesh, t-shirt graphic","text, letters, words, watermark, signature, photorealistic, 3d render, soft gradients, drop shadow, busy background, clutter, low contrast"
live_music__insider,Live Music,insider,"bold flat vector illustration, a clean technical diagram only a live music enthusiast would recognise, thick confident linework, limited palette of four flat spot colours on black, high contrast, screen-print separation, strong silhouette readable at arm's length, centred composition, isolated on solid black, no text, no lettering, no watermark, no gradient mesh, t-shirt graphic","text, letters, words, watermark, signature, photorealistic, 3d render, soft gradients, drop shadow, busy background, clutter, low contrast"
live_music__mosaic,Live Music,mosaic,"bold flat vector illustration, many small amp stack silhouettes massed to form a large skull, thick confident linework, limited palette of four flat spot colours on black, high contrast, screen-print separation, strong silhouette readable at arm's length, centred composition, isolated on solid black, no text, no lettering, no watermark, no gradient mesh, t-shirt graphic","text, letters, words, watermark, signature, photorealistic, 3d render, soft gradients, drop shadow, busy background, clutter, low contrast"
live_music__evolution,Live Music,evolution,"bold flat vector illustration, four-stage silhouette progression from child to adult ending with a stack of amplifiers and a microphone stand, thick confident linework, limited palette of four flat spot colours on black, high contrast, screen-print separation, strong silhouette readable at arm's length, centred composition, isolated on solid black, no text, no lettering, no watermark, no gradient mesh, t-shirt graphic","text, letters, words, watermark, signature, photorealistic, 3d render, soft gradients, drop shadow, busy background, clutter, low contrast"
fishing__hero,Fishing,hero,"bold flat vector illustration, a bent fishing rod with a carp breaking the surface, thick confident linework, limited palette of four flat spot colours on black, high contrast, screen-print separation, strong silhouette readable at arm's length, centred composition, isolated on solid black, no text, no lettering, no watermark, no gradient mesh, t-shirt graphic","text, letters, words, watermark, signature, photorealistic, 3d render, soft gradients, drop shadow, busy background, clutter, low contrast"
fishing__insider,Fishing,insider,"bold flat vector illustration, a clean technical diagram only a fishing enthusiast would recognise, thick confident linework, limited palette of four flat spot colours on black, high contrast, screen-print separation, strong silhouette readable at arm's length, centred composition, isolated on solid black, no text, no lettering, no watermark, no gradient mesh, t-shirt graphic","text, letters, words, watermark, signature, photorealistic, 3d render, soft gradients, drop shadow, busy background, clutter, low contrast"
fishing__mosaic,Fishing,mosaic,"bold flat vector illustration, many small fishing rod silhouettes massed to form a large skull, thick confident linework, limited palette of four flat spot colours on black, high contrast, screen-print separation, strong silhouette readable at arm's length, centred composition, isolated on solid black, no text, no lettering, no watermark, no gradient mesh, t-shirt graphic","text, letters, words, watermark, signature, photorealistic, 3d render, soft gradients, drop shadow, busy background, clutter, low contrast"
fishing__evolution,Fishing,evolution,"bold flat vector illustration, four-stage silhouette progression from child to adult ending with a bent fishing rod with a carp breaking the surface, thick confident linework, limited palette of four flat spot colours on black, high contrast, screen-print separation, strong silhouette readable at arm's length, centred composition, isolated on solid black, no text, no lettering, no watermark, no gradient mesh, t-shirt graphic","text, letters, words, watermark, signature, photorealistic, 3d render, soft gradients, drop shadow, busy background, clutter, low contrast"
fly_fishing__hero,Fly Fishing,hero,"bold flat vector illustration, a fly reel and a leaping trout, thick confident linework, limited palette of four flat spot colours on black, high contrast, screen-print separation, strong silhouette readable at arm's length, centred composition, isolated on solid black, no text, no lettering, no watermark, no gradient mesh, t-shirt graphic","text, letters, words, watermark, signature, photorealistic, 3d render, soft gradients, drop shadow, busy background, clutter, low contrast"
fly_fishing__insider,Fly Fishing,insider,"bold flat vector illustration, a clean technical diagram only a fly fishing enthusiast would recognise, thick confident linework, limited palette of four flat spot colours on black, high contrast, screen-print separation, strong silhouette readable at arm's length, centred composition, isolated on solid black, no text, no lettering, no watermark, no gradient mesh, t-shirt graphic","text, letters, words, watermark, signature, photorealistic, 3d render, soft gradients, drop shadow, busy background, clutter, low contrast"
fly_fishing__mosaic,Fly Fishing,mosaic,"bold flat vector illustration, many small fly rod silhouettes massed to form a large skull, thick confident linework, limited palette of four flat spot colours on black, high contrast, screen-print separation, strong silhouette readable at arm's length, centred composition, isolated on solid black, no text, no lettering, no watermark, no gradient mesh, t-shirt graphic","text, letters, words, watermark, signature, photorealistic, 3d render, soft gradients, drop shadow, busy background, clutter, low contrast"
fly_fishing__evolution,Fly Fishing,evolution,"bold flat vector illustration, four-stage silhouette progression from child to adult ending with a fly reel and a leaping trout, thick confident linework, limited palette of four flat spot colours on black, high contrast, screen-print separation, strong silhouette readable at arm's length, centred composition, isolated on solid black, no text, no lettering, no watermark, no gradient mesh, t-shirt graphic","text, letters, words, watermark, signature, photorealistic, 3d render, soft gradients, drop shadow, busy background, clutter, low contrast"
sea_fishing__hero,Sea Fishing,hero,"bold flat vector illustration, a beachcaster rod against breaking surf, thick confident linework, limited palette of four flat spot colours on black, high contrast, screen-print separation, strong silhouette readable at arm's length, centred composition, isolated on solid black, no text, no lettering, no watermark, no gradient mesh, t-shirt graphic","text, letters, words, watermark, signature, photorealistic, 3d render, soft gradients, drop shadow, busy background, clutter, low contrast"
sea_fishing__insider,Sea Fishing,insider,"bold flat vector illustration, a clean technical diagram only a sea fishing enthusiast would recognise, thick confident linework, limited palette of four flat spot colours on black, high contrast, screen-print separation, strong silhouette readable at arm's length, centred composition, isolated on solid black, no text, no lettering, no watermark, no gradient mesh, t-shirt graphic","text, letters, words, watermark, signature, photorealistic, 3d render, soft gradients, drop shadow, busy background, clutter, low contrast"
sea_fishing__mosaic,Sea Fishing,mosaic,"bold flat vector illustration, many small beachcaster silhouettes massed to form a large skull, thick confident linework, limited palette of four flat spot colours on black, high contrast, screen-print separation, strong silhouette readable at arm's length, centred composition, isolated on solid black, no text, no lettering, no watermark, no gradient mesh, t-shirt graphic","text, letters, words, watermark, signature, photorealistic, 3d render, soft gradients, drop shadow, busy background, clutter, low contrast"
sea_fishing__evolution,Sea Fishing,evolution,"bold flat vector illustration, four-stage silhouette progression from child to adult ending with a beachcaster rod against breaking surf, thick confident linework, limited palette of four flat spot colours on black, high contrast, screen-print separation, strong silhouette readable at arm's length, centred composition, isolated on solid black, no text, no lettering, no watermark, no gradient mesh, t-shirt graphic","text, letters, words, watermark, signature, photorealistic, 3d render, soft gradients, drop shadow, busy background, clutter, low contrast"
shooting__hero,Shooting,hero,"bold flat vector illustration, a break-action shotgun and a clay, thick confident linework, limited palette of four flat spot colours on black, high contrast, screen-print separation, strong silhouette readable at arm's length, centred composition, isolated on solid black, no text, no lettering, no watermark, no gradient mesh, t-shirt graphic","text, letters, words, watermark, signature, photorealistic, 3d render, soft gradients, drop shadow, busy background, clutter, low contrast"
shooting__insider,Shooting,insider,"bold flat vector illustration, a clean technical diagram only a shooting enthusiast would recognise, thick confident linework, limited palette of four flat spot colours on black, high contrast, screen-print separation, strong silhouette readable at arm's length, centred composition, isolated on solid black, no text, no lettering, no watermark, no gradient mesh, t-shirt graphic","text, letters, words, watermark, signature, photorealistic, 3d render, soft gradients, drop shadow, busy background, clutter, low contrast"
shooting__mosaic,Shooting,mosaic,"bold flat vector illustration, many small shotgun silhouettes massed to form a large skull, thick confident linework, limited palette of four flat spot colours on black, high contrast, screen-print separation, strong silhouette readable at arm's length, centred composition, isolated on solid black, no text, no lettering, no watermark, no gradient mesh, t-shirt graphic","text, letters, words, watermark, signature, photorealistic, 3d render, soft gradients, drop shadow, busy background, clutter, low contrast"
shooting__evolution,Shooting,evolution,"bold flat vector illustration, four-stage silhouette progression from child to adult ending with a break-action shotgun and a clay, thick confident linework, limited palette of four flat spot colours on black, high contrast, screen-print separation, strong silhouette readable at arm's length, centred composition, isolated on solid black, no text, no lettering, no watermark, no gradient mesh, t-shirt graphic","text, letters, words, watermark, signature, photorealistic, 3d render, soft gradients, drop shadow, busy background, clutter, low contrast"
archery__hero,Archery,hero,"bold flat vector illustration, a recurve bow drawn with an arrow nocked, thick confident linework, limited palette of four flat spot colours on black, high contrast, screen-print separation, strong silhouette readable at arm's length, centred composition, isolated on solid black, no text, no lettering, no watermark, no gradient mesh, t-shirt graphic","text, letters, words, watermark, signature, photorealistic, 3d render, soft gradients, drop shadow, busy background, clutter, low contrast"
archery__insider,Archery,insider,"bold flat vector illustration, a clean technical diagram only a archery enthusiast would recognise, thick confident linework, limited palette of four flat spot colours on black, high contrast, screen-print separation, strong silhouette readable at arm's length, centred composition, isolated on solid black, no text, no lettering, no watermark, no gradient mesh, t-shirt graphic","text, letters, words, watermark, signature, photorealistic, 3d render, soft gradients, drop shadow, busy background, clutter, low contrast"
archery__mosaic,Archery,mosaic,"bold flat vector illustration, many small bow silhouettes massed to form a large skull, thick confident linework, limited palette of four flat spot colours on black, high contrast, screen-print separation, strong silhouette readable at arm's length, centred composition, isolated on solid black, no text, no lettering, no watermark, no gradient mesh, t-shirt graphic","text, letters, words, watermark, signature, photorealistic, 3d render, soft gradients, drop shadow, busy background, clutter, low contrast"
archery__evolution,Archery,evolution,"bold flat vector illustration, four-stage silhouette progression from child to adult ending with a recurve bow drawn with an arrow nocked, thick confident linework, limited palette of four flat spot colours on black, high contrast, screen-print separation, strong silhouette readable at arm's length, centred composition, isolated on solid black, no text, no lettering, no watermark, no gradient mesh, t-shirt graphic","text, letters, words, watermark, signature, photorealistic, 3d render, soft gradients, drop shadow, busy background, clutter, low contrast"
bird_watching__hero,Bird Watching,hero,"bold flat vector illustration, binoculars with a kingfisher perched beyond, thick confident linework, limited palette of four flat spot colours on black, high contrast, screen-print separation, strong silhouette readable at arm's length, centred composition, isolated on solid black, no text, no lettering, no watermark, no gradient mesh, t-shirt graphic","text, letters, words, watermark, signature, photorealistic, 3d render, soft gradients, drop shadow, busy background, clutter, low contrast"
bird_watching__insider,Bird Watching,insider,"bold flat vector illustration, a clean technical diagram only a bird watching enthusiast would recognise, thick confident linework, limited palette of four flat spot colours on black, high contrast, screen-print separation, strong silhouette readable at arm's length, centred composition, isolated on solid black, no text, no lettering, no watermark, no gradient mesh, t-shirt graphic","text, letters, words, watermark, signature, photorealistic, 3d render, soft gradients, drop shadow, busy background, clutter, low contrast"
bird_watching__mosaic,Bird Watching,mosaic,"bold flat vector illustration, many small binoculars silhouettes massed to form a large skull, thick confident linework, limited palette of four flat spot colours on black, high contrast, screen-print separation, strong silhouette readable at arm's length, centred composition, isolated on solid black, no text, no lettering, no watermark, no gradient mesh, t-shirt graphic","text, letters, words, watermark, signature, photorealistic, 3d render, soft gradients, drop shadow, busy background, clutter, low contrast"
bird_watching__evolution,Bird Watching,evolution,"bold flat vector illustration, four-stage silhouette progression from child to adult ending with binoculars with a kingfisher perched beyond, thick confident linework, limited palette of four flat spot colours on black, high contrast, screen-print separation, strong silhouette readable at arm's length, centred composition, isolated on solid black, no text, no lettering, no watermark, no gradient mesh, t-shirt graphic","text, letters, words, watermark, signature, photorealistic, 3d render, soft gradients, drop shadow, busy background, clutter, low contrast"
metal_detecting__hero,Metal Detecting,hero,"bold flat vector illustration, a metal detector coil over ground with a coin, thick confident linework, limited palette of four flat spot colours on black, high contrast, screen-print separation, strong silhouette readable at arm's length, centred composition, isolated on solid black, no text, no lettering, no watermark, no gradient mesh, t-shirt graphic","text, letters, words, watermark, signature, photorealistic, 3d render, soft gradients, drop shadow, busy background, clutter, low contrast"
metal_detecting__insider,Metal Detecting,insider,"bold flat vector illustration, a clean technical diagram only a metal detecting enthusiast would recognise, thick confident linework, limited palette of four flat spot colours on black, high contrast, screen-print separation, strong silhouette readable at arm's length, centred composition, isolated on solid black, no text, no lettering, no watermark, no gradient mesh, t-shirt graphic","text, letters, words, watermark, signature, photorealistic, 3d render, soft gradients, drop shadow, busy background, clutter, low contrast"
metal_detecting__mosaic,Metal Detecting,mosaic,"bold flat vector illustration, many small metal detector silhouettes massed to form a large skull, thick confident linework, limited palette of four flat spot colours on black, high contrast, screen-print separation, strong silhouette readable at arm's length, centred composition, isolated on solid black, no text, no lettering, no watermark, no gradient mesh, t-shirt graphic","text, letters, words, watermark, signature, photorealistic, 3d render, soft gradients, drop shadow, busy background, clutter, low contrast"
metal_detecting__evolution,Metal Detecting,evolution,"bold flat vector illustration, four-stage silhouette progression from child to adult ending with a metal detector coil over ground with a coin, thick confident linework, limited palette of four flat spot colours on black, high contrast, screen-print separation, strong silhouette readable at arm's length, centred composition, isolated on solid black, no text, no lettering, no watermark, no gradient mesh, t-shirt graphic","text, letters, words, watermark, signature, photorealistic, 3d render, soft gradients, drop shadow, busy background, clutter, low contrast"
bee_keeping__hero,Bee Keeping,hero,"bold flat vector illustration, a beehive with bees in flight, thick confident linework, limited palette of four flat spot colours on black, high contrast, screen-print separation, strong silhouette readable at arm's length, centred composition, isolated on solid black, no text, no lettering, no watermark, no gradient mesh, t-shirt graphic","text, letters, words, watermark, signature, photorealistic, 3d render, soft gradients, drop shadow, busy background, clutter, low contrast"
bee_keeping__insider,Bee Keeping,insider,"bold flat vector illustration, a clean technical diagram only a bee keeping enthusiast would recognise, thick confident linework, limited palette of four flat spot colours on black, high contrast, screen-print separation, strong silhouette readable at arm's length, centred composition, isolated on solid black, no text, no lettering, no watermark, no gradient mesh, t-shirt graphic","text, letters, words, watermark, signature, photorealistic, 3d render, soft gradients, drop shadow, busy background, clutter, low contrast"
bee_keeping__mosaic,Bee Keeping,mosaic,"bold flat vector illustration, many small beehive silhouettes massed to form a large skull, thick confident linework, limited palette of four flat spot colours on black, high contrast, screen-print separation, strong silhouette readable at arm's length, centred composition, isolated on solid black, no text, no lettering, no watermark, no gradient mesh, t-shirt graphic","text, letters, words, watermark, signature, photorealistic, 3d render, soft gradients, drop shadow, busy background, clutter, low contrast"
bee_keeping__evolution,Bee Keeping,evolution,"bold flat vector illustration, four-stage silhouette progression from child to adult ending with a beehive with bees in flight, thick confident linework, limited palette of four flat spot colours on black, high contrast, screen-print separation, strong silhouette readable at arm's length, centred composition, isolated on solid black, no text, no lettering, no watermark, no gradient mesh, t-shirt graphic","text, letters, words, watermark, signature, photorealistic, 3d render, soft gradients, drop shadow, busy background, clutter, low contrast"
gardening__hero,Gardening,hero,"bold flat vector illustration, a spade, fork and watering can arranged, thick confident linework, limited palette of four flat spot colours on black, high contrast, screen-print separation, strong silhouette readable at arm's length, centred composition, isolated on solid black, no text, no lettering, no watermark, no gradient mesh, t-shirt graphic","text, letters, words, watermark, signature, photorealistic, 3d render, soft gradients, drop shadow, busy background, clutter, low contrast"
gardening__insider,Gardening,insider,"bold flat vector illustration, a clean technical diagram only a gardening enthusiast would recognise, thick confident linework, limited palette of four flat spot colours on black, high contrast, screen-print separation, strong silhouette readable at arm's length, centred composition, isolated on solid black, no text, no lettering, no watermark, no gradient mesh, t-shirt graphic","text, letters, words, watermark, signature, photorealistic, 3d render, soft gradients, drop shadow, busy background, clutter, low contrast"
gardening__mosaic,Gardening,mosaic,"bold flat vector illustration, many small garden spade silhouettes massed to form a large skull, thick confident linework, limited palette of four flat spot colours on black, high contrast, screen-print separation, strong silhouette readable at arm's length, centred composition, isolated on solid black, no text, no lettering, no watermark, no gradient mesh, t-shirt graphic","text, letters, words, watermark, signature, photorealistic, 3d render, soft gradients, drop shadow, busy background, clutter, low contrast"
gardening__evolution,Gardening,evolution,"bold flat vector illustration, four-stage silhouette progression from child to adult ending with a spade, fork and watering can arranged, thick confident linework, limited palette of four flat spot colours on black, high contrast, screen-print separation, strong silhouette readable at arm's length, centred composition, isolated on solid black, no text, no lettering, no watermark, no gradient mesh, t-shirt graphic","text, letters, words, watermark, signature, photorealistic, 3d render, soft gradients, drop shadow, busy background, clutter, low contrast"
allotment__hero,Allotment,hero,"bold flat vector illustration, a wheelbarrow heaped with vegetables, thick confident linework, limited palette of four flat spot colours on black, high contrast, screen-print separation, strong silhouette readable at arm's length, centred composition, isolated on solid black, no text, no lettering, no watermark, no gradient mesh, t-shirt graphic","text, letters, words, watermark, signature, photorealistic, 3d render, soft gradients, drop shadow, busy background, clutter, low contrast"
allotment__insider,Allotment,insider,"bold flat vector illustration, a clean technical diagram only a allotment enthusiast would recognise, thick confident linework, limited palette of four flat spot colours on black, high contrast, screen-print separation, strong silhouette readable at arm's length, centred composition, isolated on solid black, no text, no lettering, no watermark, no gradient mesh, t-shirt graphic","text, letters, words, watermark, signature, photorealistic, 3d render, soft gradients, drop shadow, busy background, clutter, low contrast"
allotment__mosaic,Allotment,mosaic,"bold flat vector illustration, many small allotment silhouettes massed to form a large skull, thick confident linework, limited palette of four flat spot colours on black, high contrast, screen-print separation, strong silhouette readable at arm's length, centred composition, isolated on solid black, no text, no lettering, no watermark, no gradient mesh, t-shirt graphic","text, letters, words, watermark, signature, photorealistic, 3d render, soft gradients, drop shadow, busy background, clutter, low contrast"
allotment__evolution,Allotment,evolution,"bold flat vector illustration, four-stage silhouette progression from child to adult ending with a wheelbarrow heaped with vegetables, thick confident linework, limited palette of four flat spot colours on black, high contrast, screen-print separation, strong silhouette readable at arm's length, centred composition, isolated on solid black, no text, no lettering, no watermark, no gradient mesh, t-shirt graphic","text, letters, words, watermark, signature, photorealistic, 3d render, soft gradients, drop shadow, busy background, clutter, low contrast"
gym__hero,Gym,hero,"bold flat vector illustration, a loaded barbell mid-deadlift, thick confident linework, limited palette of four flat spot colours on black, high contrast, screen-print separation, strong silhouette readable at arm's length, centred composition, isolated on solid black, no text, no lettering, no watermark, no gradient mesh, t-shirt graphic","text, letters, words, watermark, signature, photorealistic, 3d render, soft gradients, drop shadow, busy background, clutter, low contrast"
gym__hero__at_sunset,Gym,hero_scene,"bold flat vector illustration, a loaded barbell mid-deadlift, at sunset, thick confident linework, limited palette of four flat spot colours on black, high contrast, screen-print separation, strong silhouette readable at arm's length, centred composition, isolated on solid black, no text, no lettering, no watermark, no gradient mesh, t-shirt graphic","text, letters, words, watermark, signature, photorealistic, 3d render, soft gradients, drop shadow, busy background, clutter, low contrast"
gym__hero__in_a_storm,Gym,hero_scene,"bold flat vector illustration, a loaded barbell mid-deadlift, in a storm, thick confident linework, limited palette of four flat spot colours on black, high contrast, screen-print separation, strong silhouette readable at arm's length, centred composition, isolated on solid black, no text, no lettering, no watermark, no gradient mesh, t-shirt graphic","text, letters, words, watermark, signature, photorealistic, 3d render, soft gradients, drop shadow, busy background, clutter, low contrast"
gym__hero__on_a_mountain,Gym,hero_scene,"bold flat vector illustration, a loaded barbell mid-deadlift, on a mountain, thick confident linework, limited palette of four flat spot colours on black, high contrast, screen-print separation, strong silhouette readable at arm's length, centred composition, isolated on solid black, no text, no lettering, no watermark, no gradient mesh, t-shirt graphic","text, letters, words, watermark, signature, photorealistic, 3d render, soft gradients, drop shadow, busy background, clutter, low contrast"
gym__hero__by_the_coast,Gym,hero_scene,"bold flat vector illustration, a loaded barbell mid-deadlift, by the coast, thick confident linework, limited palette of four flat spot colours on black, high contrast, screen-print separation, strong silhouette readable at arm's length, centred composition, isolated on solid black, no text, no lettering, no watermark, no gradient mesh, t-shirt graphic","text, letters, words, watermark, signature, photorealistic, 3d render, soft gradients, drop shadow, busy background, clutter, low contrast"
gym__hero__in_the_fog,Gym,hero_scene,"bold flat vector illustration, a loaded barbell mid-deadlift, in the fog, thick confident linework, limited palette of four flat spot colours on black, high contrast, screen-print separation, strong silhouette readable at arm's length, centred composition, isolated on solid black, no text, no lettering, no watermark, no gradient mesh, t-shirt graphic","text, letters, words, watermark, signature, photorealistic, 3d render, soft gradients, drop shadow, busy background, clutter, low contrast"
gym__hero__at_dawn,Gym,hero_scene,"bold flat vector illustration, a loaded barbell mid-deadlift, at dawn, thick confident linework, limited palette of four flat spot colours on black, high contrast, screen-print separation, strong silhouette readable at arm's length, centred composition, isolated on solid black, no text, no lettering, no watermark, no gradient mesh, t-shirt graphic","text, letters, words, watermark, signature, photorealistic, 3d render, soft gradients, drop shadow, busy background, clutter, low contrast"
gym__insider,Gym,insider,"bold flat vector illustration, a clean technical diagram only a gym enthusiast would recognise, thick confident linework, limited palette of four flat spot colours on black, high contrast, screen-print separation, strong silhouette readable at arm's length, centred composition, isolated on solid black, no text, no lettering, no watermark, no gradient mesh, t-shirt graphic","text, letters, words, watermark, signature, photorealistic, 3d render, soft gradients, drop shadow, busy background, clutter, low contrast"
gym__mosaic,Gym,mosaic,"bold flat vector illustration, many small barbell silhouettes massed to form a large skull, thick confident linework, limited palette of four flat spot colours on black, high contrast, screen-print separation, strong silhouette readable at arm's length, centred composition, isolated on solid black, no text, no lettering, no watermark, no gradient mesh, t-shirt graphic","text, letters, words, watermark, signature, photorealistic, 3d render, soft gradients, drop shadow, busy background, clutter, low contrast"
gym__mosaic__at_sunset,Gym,mosaic_scene,"bold flat vector illustration, a loaded barbell mid-deadlift, at sunset, thick confident linework, limited palette of four flat spot colours on black, high contrast, screen-print separation, strong silhouette readable at arm's length, centred composition, isolated on solid black, no text, no lettering, no watermark, no gradient mesh, t-shirt graphic","text, letters, words, watermark, signature, photorealistic, 3d render, soft gradients, drop shadow, busy background, clutter, low contrast"
gym__mosaic__in_a_storm,Gym,mosaic_scene,"bold flat vector illustration, a loaded barbell mid-deadlift, in a storm, thick confident linework, limited palette of four flat spot colours on black, high contrast, screen-print separation, strong silhouette readable at arm's length, centred composition, isolated on solid black, no text, no lettering, no watermark, no gradient mesh, t-shirt graphic","text, letters, words, watermark, signature, photorealistic, 3d render, soft gradients, drop shadow, busy background, clutter, low contrast"
gym__mosaic__on_a_mountain,Gym,mosaic_scene,"bold flat vector illustration, a loaded barbell mid-deadlift, on a mountain, thick confident linework, limited palette of four flat spot colours on black, high contrast, screen-print separation, strong silhouette readable at arm's length, centred composition, isolated on solid black, no text, no lettering, no watermark, no gradient mesh, t-shirt graphic","text, letters, words, watermark, signature, photorealistic, 3d render, soft gradients, drop shadow, busy background, clutter, low contrast"
gym__mosaic__by_the_coast,Gym,mosaic_scene,"bold flat vector illustration, a loaded barbell mid-deadlift, by the coast, thick confident linework, limited palette of four flat spot colours on black, high contrast, screen-print separation, strong silhouette readable at arm's length, centred composition, isolated on solid black, no text, no lettering, no watermark, no gradient mesh, t-shirt graphic","text, letters, words, watermark, signature, photorealistic, 3d render, soft gradients, drop shadow, busy background, clutter, low contrast"
gym__mosaic__in_the_fog,Gym,mosaic_scene,"bold flat vector illustration, a loaded barbell mid-deadlift, in the fog, thick confident linework, limited palette of four flat spot colours on black, high contrast, screen-print separation, strong silhouette readable at arm's length, centred composition, isolated on solid black, no text, no lettering, no watermark, no gradient mesh, t-shirt graphic","text, letters, words, watermark, signature, photorealistic, 3d render, soft gradients, drop shadow, busy background, clutter, low contrast"
gym__mosaic__at_dawn,Gym,mosaic_scene,"bold flat vector illustration, a loaded barbell mid-deadlift, at dawn, thick confident linework, limited palette of four flat spot colours on black, high contrast, screen-print separation, strong silhouette readable at arm's length, centred composition, isolated on solid black, no text, no lettering, no watermark, no gradient mesh, t-shirt graphic","text, letters, words, watermark, signature, photorealistic, 3d render, soft gradients, drop shadow, busy background, clutter, low contrast"
gym__evolution,Gym,evolution,"bold flat vector illustration, four-stage silhouette progression from child to adult ending with a loaded barbell mid-deadlift, thick confident linework, limited palette of four flat spot colours on black, high contrast, screen-print separation, strong silhouette readable at arm's length, centred composition, isolated on solid black, no text, no lettering, no watermark, no gradient mesh, t-shirt graphic","text, letters, words, watermark, signature, photorealistic, 3d render, soft gradients, drop shadow, busy background, clutter, low contrast"
boxing__hero,Boxing,hero,"bold flat vector illustration, a pair of laced boxing gloves hanging, thick confident linework, limited palette of four flat spot colours on black, high contrast, screen-print separation, strong silhouette readable at arm's length, centred composition, isolated on solid black, no text, no lettering, no watermark, no gradient mesh, t-shirt graphic","text, letters, words, watermark, signature, photorealistic, 3d render, soft gradients, drop shadow, busy background, clutter, low contrast"
boxing__insider,Boxing,insider,"bold flat vector illustration, a clean technical diagram only a boxing enthusiast would recognise, thick confident linework, limited palette of four flat spot colours on black, high contrast, screen-print separation, strong silhouette readable at arm's length, centred composition, isolated on solid black, no text, no lettering, no watermark, no gradient mesh, t-shirt graphic","text, letters, words, watermark, signature, photorealistic, 3d render, soft gradients, drop shadow, busy background, clutter, low contrast"
boxing__mosaic,Boxing,mosaic,"bold flat vector illustration, many small boxing gloves silhouettes massed to form a large skull, thick confident linework, limited palette of four flat spot colours on black, high contrast, screen-print separation, strong silhouette readable at arm's length, centred composition, isolated on solid black, no text, no lettering, no watermark, no gradient mesh, t-shirt graphic","text, letters, words, watermark, signature, photorealistic, 3d render, soft gradients, drop shadow, busy background, clutter, low contrast"
boxing__evolution,Boxing,evolution,"bold flat vector illustration, four-stage silhouette progression from child to adult ending with a pair of laced boxing gloves hanging, thick confident linework, limited palette of four flat spot colours on black, high contrast, screen-print separation, strong silhouette readable at arm's length, centred composition, isolated on solid black, no text, no lettering, no watermark, no gradient mesh, t-shirt graphic","text, letters, words, watermark, signature, photorealistic, 3d render, soft gradients, drop shadow, busy background, clutter, low contrast"
mma__hero,MMA,hero,"bold flat vector illustration, a pair of grappling gloves and a cage panel, thick confident linework, limited palette of four flat spot colours on black, high contrast, screen-print separation, strong silhouette readable at arm's length, centred composition, isolated on solid black, no text, no lettering, no watermark, no gradient mesh, t-shirt graphic","text, letters, words, watermark, signature, photorealistic, 3d render, soft gradients, drop shadow, busy background, clutter, low contrast"
mma__insider,MMA,insider,"bold flat vector illustration, a clean technical diagram only a mma enthusiast would recognise, thick confident linework, limited palette of four flat spot colours on black, high contrast, screen-print separation, strong silhouette readable at arm's length, centred composition, isolated on solid black, no text, no lettering, no watermark, no gradient mesh, t-shirt graphic","text, letters, words, watermark, signature, photorealistic, 3d render, soft gradients, drop shadow, busy background, clutter, low contrast"
mma__mosaic,MMA,mosaic,"bold flat vector illustration, many small mma gloves silhouettes massed to form a large skull, thick confident linework, limited palette of four flat spot colours on black, high contrast, screen-print separation, strong silhouette readable at arm's length, centred composition, isolated on solid black, no text, no lettering, no watermark, no gradient mesh, t-shirt graphic","text, letters, words, watermark, signature, photorealistic, 3d render, soft gradients, drop shadow, busy background, clutter, low contrast"
mma__evolution,MMA,evolution,"bold flat vector illustration, four-stage silhouette progression from child to adult ending with a pair of grappling gloves and a cage panel, thick confident linework, limited palette of four flat spot colours on black, high contrast, screen-print separation, strong silhouette readable at arm's length, centred composition, isolated on solid black, no text, no lettering, no watermark, no gradient mesh, t-shirt graphic","text, letters, words, watermark, signature, photorealistic, 3d render, soft gradients, drop shadow, busy background, clutter, low contrast"
muay_thai__hero,Muay Thai,hero,"bold flat vector illustration, a fighter throwing a knee, Thai shorts, thick confident linework, limited palette of four flat spot colours on black, high contrast, screen-print separation, strong silhouette readable at arm's length, centred composition, isolated on solid black, no text, no lettering, no watermark, no gradient mesh, t-shirt graphic","text, letters, words, watermark, signature, photorealistic, 3d render, soft gradients, drop shadow, busy background, clutter, low contrast"
muay_thai__insider,Muay Thai,insider,"bold flat vector illustration, a clean technical diagram only a muay thai enthusiast would recognise, thick confident linework, limited palette of four flat spot colours on black, high contrast, screen-print separation, strong silhouette readable at arm's length, centred composition, isolated on solid black, no text, no lettering, no watermark, no gradient mesh, t-shirt graphic","text, letters, words, watermark, signature, photorealistic, 3d render, soft gradients, drop shadow, busy background, clutter, low contrast"
muay_thai__mosaic,Muay Thai,mosaic,"bold flat vector illustration, many small muay thai silhouettes massed to form a large skull, thick confident linework, limited palette of four flat spot colours on black, high contrast, screen-print separation, strong silhouette readable at arm's length, centred composition, isolated on solid black, no text, no lettering, no watermark, no gradient mesh, t-shirt graphic","text, letters, words, watermark, signature, photorealistic, 3d render, soft gradients, drop shadow, busy background, clutter, low contrast"
muay_thai__evolution,Muay Thai,evolution,"bold flat vector illustration, four-stage silhouette progression from child to adult ending with a fighter throwing a knee, Thai shorts, thick confident linework, limited palette of four flat spot colours on black, high contrast, screen-print separation, strong silhouette readable at arm's length, centred composition, isolated on solid black, no text, no lettering, no watermark, no gradient mesh, t-shirt graphic","text, letters, words, watermark, signature, photorealistic, 3d render, soft gradients, drop shadow, busy background, clutter, low contrast"
rugby__hero,Rugby,hero,"bold flat vector illustration, a rugby ball and posts beyond, thick confident linework, limited palette of four flat spot colours on black, high contrast, screen-print separation, strong silhouette readable at arm's length, centred composition, isolated on solid black, no text, no lettering, no watermark, no gradient mesh, t-shirt graphic","text, letters, words, watermark, signature, photorealistic, 3d render, soft gradients, drop shadow, busy background, clutter, low contrast"
rugby__insider,Rugby,insider,"bold flat vector illustration, a clean technical diagram only a rugby enthusiast would recognise, thick confident linework, limited palette of four flat spot colours on black, high contrast, screen-print separation, strong silhouette readable at arm's length, centred composition, isolated on solid black, no text, no lettering, no watermark, no gradient mesh, t-shirt graphic","text, letters, words, watermark, signature, photorealistic, 3d render, soft gradients, drop shadow, busy background, clutter, low contrast"
rugby__mosaic,Rugby,mosaic,"bold flat vector illustration, many small rugby ball silhouettes massed to form a large skull, thick confident linework, limited palette of four flat spot colours on black, high contrast, screen-print separation, strong silhouette readable at arm's length, centred composition, isolated on solid black, no text, no lettering, no watermark, no gradient mesh, t-shirt graphic","text, letters, words, watermark, signature, photorealistic, 3d render, soft gradients, drop shadow, busy background, clutter, low contrast"
rugby__evolution,Rugby,evolution,"bold flat vector illustration, four-stage silhouette progression from child to adult ending with a rugby ball and posts beyond, thick confident linework, limited palette of four flat spot colours on black, high contrast, screen-print separation, strong silhouette readable at arm's length, centred composition, isolated on solid black, no text, no lettering, no watermark, no gradient mesh, t-shirt graphic","text, letters, words, watermark, signature, photorealistic, 3d render, soft gradients, drop shadow, busy background, clutter, low contrast"
cricket__hero,Cricket,hero,"bold flat vector illustration, a cricket bat, ball and stumps, thick confident linework, limited palette of four flat spot colours on black, high contrast, screen-print separation, strong silhouette readable at arm's length, centred composition, isolated on solid black, no text, no lettering, no watermark, no gradient mesh, t-shirt graphic","text, letters, words, watermark, signature, photorealistic, 3d render, soft gradients, drop shadow, busy background, clutter, low contrast"
cricket__insider,Cricket,insider,"bold flat vector illustration, a clean technical diagram only a cricket enthusiast would recognise, thick confident linework, limited palette of four flat spot colours on black, high contrast, screen-print separation, strong silhouette readable at arm's length, centred composition, isolated on solid black, no text, no lettering, no watermark, no gradient mesh, t-shirt graphic","text, letters, words, watermark, signature, photorealistic, 3d render, soft gradients, drop shadow, busy background, clutter, low contrast"
cricket__mosaic,Cricket,mosaic,"bold flat vector illustration, many small cricket bat silhouettes massed to form a large skull, thick confident linework, limited palette of four flat spot colours on black, high contrast, screen-print separation, strong silhouette readable at arm's length, centred composition, isolated on solid black, no text, no lettering, no watermark, no gradient mesh, t-shirt graphic","text, letters, words, watermark, signature, photorealistic, 3d render, soft gradients, drop shadow, busy background, clutter, low contrast"
cricket__evolution,Cricket,evolution,"bold flat vector illustration, four-stage silhouette progression from child to adult ending with a cricket bat, ball and stumps, thick confident linework, limited palette of four flat spot colours on black, high contrast, screen-print separation, strong silhouette readable at arm's length, centred composition, isolated on solid black, no text, no lettering, no watermark, no gradient mesh, t-shirt graphic","text, letters, words, watermark, signature, photorealistic, 3d render, soft gradients, drop shadow, busy background, clutter, low contrast"
football__hero,Football,hero,"bold flat vector illustration, a football and worn goal net, thick confident linework, limited palette of four flat spot colours on black, high contrast, screen-print separation, strong silhouette readable at arm's length, centred composition, isolated on solid black, no text, no lettering, no watermark, no gradient mesh, t-shirt graphic","text, letters, words, watermark, signature, photorealistic, 3d render, soft gradients, drop shadow, busy background, clutter, low contrast"
football__insider,Football,insider,"bold flat vector illustration, a clean technical diagram only a football enthusiast would recognise, thick confident linework, limited palette of four flat spot colours on black, high contrast, screen-print separation, strong silhouette readable at arm's length, centred composition, isolated on solid black, no text, no lettering, no watermark, no gradient mesh, t-shirt graphic","text, letters, words, watermark, signature, photorealistic, 3d render, soft gradients, drop shadow, busy background, clutter, low contrast"
football__mosaic,Football,mosaic,"bold flat vector illustration, many small football silhouettes massed to form a large skull, thick confident linework, limited palette of four flat spot colours on black, high contrast, screen-print separation, strong silhouette readable at arm's length, centred composition, isolated on solid black, no text, no lettering, no watermark, no gradient mesh, t-shirt graphic","text, letters, words, watermark, signature, photorealistic, 3d render, soft gradients, drop shadow, busy background, clutter, low contrast"
football__evolution,Football,evolution,"bold flat vector illustration, four-stage silhouette progression from child to adult ending with a football and worn goal net, thick confident linework, limited palette of four flat spot colours on black, high contrast, screen-print separation, strong silhouette readable at arm's length, centred composition, isolated on solid black, no text, no lettering, no watermark, no gradient mesh, t-shirt graphic","text, letters, words, watermark, signature, photorealistic, 3d render, soft gradients, drop shadow, busy background, clutter, low contrast"
golf__hero,Golf,hero,"bold flat vector illustration, a driver mid-swing with a ball on a tee, thick confident linework, limited palette of four flat spot colours on black, high contrast, screen-print separation, strong silhouette readable at arm's length, centred composition, isolated on solid black, no text, no lettering, no watermark, no gradient mesh, t-shirt graphic","text, letters, words, watermark, signature, photorealistic, 3d render, soft gradients, drop shadow, busy background, clutter, low contrast"
golf__insider,Golf,insider,"bold flat vector illustration, a clean technical diagram only a golf enthusiast would recognise, thick confident linework, limited palette of four flat spot colours on black, high contrast, screen-print separation, strong silhouette readable at arm's length, centred composition, isolated on solid black, no text, no lettering, no watermark, no gradient mesh, t-shirt graphic","text, letters, words, watermark, signature, photorealistic, 3d render, soft gradients, drop shadow, busy background, clutter, low contrast"
golf__mosaic,Golf,mosaic,"bold flat vector illustration, many small golf club silhouettes massed to form a large skull, thick confident linework, limited palette of four flat spot colours on black, high contrast, screen-print separation, strong silhouette readable at arm's length, centred composition, isolated on solid black, no text, no lettering, no watermark, no gradient mesh, t-shirt graphic","text, letters, words, watermark, signature, photorealistic, 3d render, soft gradients, drop shadow, busy background, clutter, low contrast"
golf__evolution,Golf,evolution,"bold flat vector illustration, four-stage silhouette progression from child to adult ending with a driver mid-swing with a ball on a tee, thick confident linework, limited palette of four flat spot colours on black, high contrast, screen-print separation, strong silhouette readable at arm's length, centred composition, isolated on solid black, no text, no lettering, no watermark, no gradient mesh, t-shirt graphic","text, letters, words, watermark, signature, photorealistic, 3d render, soft gradients, drop shadow, busy background, clutter, low contrast"
darts__hero,Darts,hero,"bold flat vector illustration, three darts in the treble twenty, thick confident linework, limited palette of four flat spot colours on black, high contrast, screen-print separation, strong silhouette readable at arm's length, centred composition, isolated on solid black, no text, no lettering, no watermark, no gradient mesh, t-shirt graphic","text, letters, words, watermark, signature, photorealistic, 3d render, soft gradients, drop shadow, busy background, clutter, low contrast"
darts__insider,Darts,insider,"bold flat vector illustration, a clean technical diagram only a darts enthusiast would recognise, thick confident linework, limited palette of four flat spot colours on black, high contrast, screen-print separation, strong silhouette readable at arm's length, centred composition, isolated on solid black, no text, no lettering, no watermark, no gradient mesh, t-shirt graphic","text, letters, words, watermark, signature, photorealistic, 3d render, soft gradients, drop shadow, busy background, clutter, low contrast"
darts__mosaic,Darts,mosaic,"bold flat vector illustration, many small set of darts silhouettes massed to form a large skull, thick confident linework, limited palette of four flat spot colours on black, high contrast, screen-print separation, strong silhouette readable at arm's length, centred composition, isolated on solid black, no text, no lettering, no watermark, no gradient mesh, t-shirt graphic","text, letters, words, watermark, signature, photorealistic, 3d render, soft gradients, drop shadow, busy background, clutter, low contrast"
darts__evolution,Darts,evolution,"bold flat vector illustration, four-stage silhouette progression from child to adult ending with three darts in the treble twenty, thick confident linework, limited palette of four flat spot colours on black, high contrast, screen-print separation, strong silhouette readable at arm's length, centred composition, isolated on solid black, no text, no lettering, no watermark, no gradient mesh, t-shirt graphic","text, letters, words, watermark, signature, photorealistic, 3d render, soft gradients, drop shadow, busy background, clutter, low contrast"
snooker__hero,Snooker,hero,"bold flat vector illustration, a cue striking the cue ball, pocket beyond, thick confident linework, limited palette of four flat spot colours on black, high contrast, screen-print separation, strong silhouette readable at arm's length, centred composition, isolated on solid black, no text, no lettering, no watermark, no gradient mesh, t-shirt graphic","text, letters, words, watermark, signature, photorealistic, 3d render, soft gradients, drop shadow, busy background, clutter, low contrast"
snooker__insider,Snooker,insider,"bold flat vector illustration, a clean technical diagram only a snooker enthusiast would recognise, thick confident linework, limited palette of four flat spot colours on black, high contrast, screen-print separation, strong silhouette readable at arm's length, centred composition, isolated on solid black, no text, no lettering, no watermark, no gradient mesh, t-shirt graphic","text, letters, words, watermark, signature, photorealistic, 3d render, soft gradients, drop shadow, busy background, clutter, low contrast"
snooker__mosaic,Snooker,mosaic,"bold flat vector illustration, many small snooker cue silhouettes massed to form a large skull, thick confident linework, limited palette of four flat spot colours on black, high contrast, screen-print separation, strong silhouette readable at arm's length, centred composition, isolated on solid black, no text, no lettering, no watermark, no gradient mesh, t-shirt graphic","text, letters, words, watermark, signature, photorealistic, 3d render, soft gradients, drop shadow, busy background, clutter, low contrast"
snooker__evolution,Snooker,evolution,"bold flat vector illustration, four-stage silhouette progression from child to adult ending with a cue striking the cue ball, pocket beyond, thick confident linework, limited palette of four flat spot colours on black, high contrast, screen-print separation, strong silhouette readable at arm's length, centred composition, isolated on solid black, no text, no lettering, no watermark, no gradient mesh, t-shirt graphic","text, letters, words, watermark, signature, photorealistic, 3d render, soft gradients, drop shadow, busy background, clutter, low contrast"
cycling__hero,Cycling,hero,"bold flat vector illustration, a road bicycle in side profile, drop bars, thick confident linework, limited palette of four flat spot colours on black, high contrast, screen-print separation, strong silhouette readable at arm's length, centred composition, isolated on solid black, no text, no lettering, no watermark, no gradient mesh, t-shirt graphic","text, letters, words, watermark, signature, photorealistic, 3d render, soft gradients, drop shadow, busy background, clutter, low contrast"
cycling__insider,Cycling,insider,"bold flat vector illustration, a clean technical diagram only a cycling enthusiast would recognise, thick confident linework, limited palette of four flat spot colours on black, high contrast, screen-print separation, strong silhouette readable at arm's length, centred composition, isolated on solid black, no text, no lettering, no watermark, no gradient mesh, t-shirt graphic","text, letters, words, watermark, signature, photorealistic, 3d render, soft gradients, drop shadow, busy background, clutter, low contrast"
cycling__mosaic,Cycling,mosaic,"bold flat vector illustration, many small bicycle silhouettes massed to form a large skull, thick confident linework, limited palette of four flat spot colours on black, high contrast, screen-print separation, strong silhouette readable at arm's length, centred composition, isolated on solid black, no text, no lettering, no watermark, no gradient mesh, t-shirt graphic","text, letters, words, watermark, signature, photorealistic, 3d render, soft gradients, drop shadow, busy background, clutter, low contrast"
cycling__evolution,Cycling,evolution,"bold flat vector illustration, four-stage silhouette progression from child to adult ending with a road bicycle in side profile, drop bars, thick confident linework, limited palette of four flat spot colours on black, high contrast, screen-print separation, strong silhouette readable at arm's length, centred composition, isolated on solid black, no text, no lettering, no watermark, no gradient mesh, t-shirt graphic","text, letters, words, watermark, signature, photorealistic, 3d render, soft gradients, drop shadow, busy background, clutter, low contrast"
mountain_biking__hero,Mountain Biking,hero,"bold flat vector illustration, a mountain bike airborne off a berm, thick confident linework, limited palette of four flat spot colours on black, high contrast, screen-print separation, strong silhouette readable at arm's length, centred composition, isolated on solid black, no text, no lettering, no watermark, no gradient mesh, t-shirt graphic","text, letters, words, watermark, signature, photorealistic, 3d render, soft gradients, drop shadow, busy background, clutter, low contrast"
mountain_biking__insider,Mountain Biking,insider,"bold flat vector illustration, a clean technical diagram only a mountain biking enthusiast would recognise, thick confident linework, limited palette of four flat spot colours on black, high contrast, screen-print separation, strong silhouette readable at arm's length, centred composition, isolated on solid black, no text, no lettering, no watermark, no gradient mesh, t-shirt graphic","text, letters, words, watermark, signature, photorealistic, 3d render, soft gradients, drop shadow, busy background, clutter, low contrast"
mountain_biking__mosaic,Mountain Biking,mosaic,"bold flat vector illustration, many small mountain bike silhouettes massed to form a large skull, thick confident linework, limited palette of four flat spot colours on black, high contrast, screen-print separation, strong silhouette readable at arm's length, centred composition, isolated on solid black, no text, no lettering, no watermark, no gradient mesh, t-shirt graphic","text, letters, words, watermark, signature, photorealistic, 3d render, soft gradients, drop shadow, busy background, clutter, low contrast"
mountain_biking__evolution,Mountain Biking,evolution,"bold flat vector illustration, four-stage silhouette progression from child to adult ending with a mountain bike airborne off a berm, thick confident linework, limited palette of four flat spot colours on black, high contrast, screen-print separation, strong silhouette readable at arm's length, centred composition, isolated on solid black, no text, no lettering, no watermark, no gradient mesh, t-shirt graphic","text, letters, words, watermark, signature, photorealistic, 3d render, soft gradients, drop shadow, busy background, clutter, low contrast"
running__hero,Running,hero,"bold flat vector illustration, a pair of worn running shoes, thick confident linework, limited palette of four flat spot colours on black, high contrast, screen-print separation, strong silhouette readable at arm's length, centred composition, isolated on solid black, no text, no lettering, no watermark, no gradient mesh, t-shirt graphic","text, letters, words, watermark, signature, photorealistic, 3d render, soft gradients, drop shadow, busy background, clutter, low contrast"
running__insider,Running,insider,"bold flat vector illustration, a clean technical diagram only a running enthusiast would recognise, thick confident linework, limited palette of four flat spot colours on black, high contrast, screen-print separation, strong silhouette readable at arm's length, centred composition, isolated on solid black, no text, no lettering, no watermark, no gradient mesh, t-shirt graphic","text, letters, words, watermark, signature, photorealistic, 3d render, soft gradients, drop shadow, busy background, clutter, low contrast"
running__mosaic,Running,mosaic,"bold flat vector illustration, many small running shoes silhouettes massed to form a large skull, thick confident linework, limited palette of four flat spot colours on black, high contrast, screen-print separation, strong silhouette readable at arm's length, centred composition, isolated on solid black, no text, no lettering, no watermark, no gradient mesh, t-shirt graphic","text, letters, words, watermark, signature, photorealistic, 3d render, soft gradients, drop shadow, busy background, clutter, low contrast"
running__evolution,Running,evolution,"bold flat vector illustration, four-stage silhouette progression from child to adult ending with a pair of worn running shoes, thick confident linework, limited palette of four flat spot colours on black, high contrast, screen-print separation, strong silhouette readable at arm's length, centred composition, isolated on solid black, no text, no lettering, no watermark, no gradient mesh, t-shirt graphic","text, letters, words, watermark, signature, photorealistic, 3d render, soft gradients, drop shadow, busy background, clutter, low contrast"
swimming__hero,Swimming,hero,"bold flat vector illustration, a pair of goggles and a lane rope, thick confident linework, limited palette of four flat spot colours on black, high contrast, screen-print separation, strong silhouette readable at arm's length, centred composition, isolated on solid black, no text, no lettering, no watermark, no gradient mesh, t-shirt graphic","text, letters, words, watermark, signature, photorealistic, 3d render, soft gradients, drop shadow, busy background, clutter, low contrast"
swimming__insider,Swimming,insider,"bold flat vector illustration, a clean technical diagram only a swimming enthusiast would recognise, thick confident linework, limited palette of four flat spot colours on black, high contrast, screen-print separation, strong silhouette readable at arm's length, centred composition, isolated on solid black, no text, no lettering, no watermark, no gradient mesh, t-shirt graphic","text, letters, words, watermark, signature, photorealistic, 3d render, soft gradients, drop shadow, busy background, clutter, low contrast"
swimming__mosaic,Swimming,mosaic,"bold flat vector illustration, many small goggles silhouettes massed to form a large skull, thick confident linework, limited palette of four flat spot colours on black, high contrast, screen-print separation, strong silhouette readable at arm's length, centred composition, isolated on solid black, no text, no lettering, no watermark, no gradient mesh, t-shirt graphic","text, letters, words, watermark, signature, photorealistic, 3d render, soft gradients, drop shadow, busy background, clutter, low contrast"
swimming__evolution,Swimming,evolution,"bold flat vector illustration, four-stage silhouette progression from child to adult ending with a pair of goggles and a lane rope, thick confident linework, limited palette of four flat spot colours on black, high contrast, screen-print separation, strong silhouette readable at arm's length, centred composition, isolated on solid black, no text, no lettering, no watermark, no gradient mesh, t-shirt graphic","text, letters, words, watermark, signature, photorealistic, 3d render, soft gradients, drop shadow, busy background, clutter, low contrast"
rowing__hero,Rowing,hero,"bold flat vector illustration, a single scull with oars mid-stroke, thick confident linework, limited palette of four flat spot colours on black, high contrast, screen-print separation, strong silhouette readable at arm's length, centred composition, isolated on solid black, no text, no lettering, no watermark, no gradient mesh, t-shirt graphic","text, letters, words, watermark, signature, photorealistic, 3d render, soft gradients, drop shadow, busy background, clutter, low contrast"
rowing__insider,Rowing,insider,"bold flat vector illustration, a clean technical diagram only a rowing enthusiast would recognise, thick confident linework, limited palette of four flat spot colours on black, high contrast, screen-print separation, strong silhouette readable at arm's length, centred composition, isolated on solid black, no text, no lettering, no watermark, no gradient mesh, t-shirt graphic","text, letters, words, watermark, signature, photorealistic, 3d render, soft gradients, drop shadow, busy background, clutter, low contrast"
rowing__mosaic,Rowing,mosaic,"bold flat vector illustration, many small rowing boat silhouettes massed to form a large skull, thick confident linework, limited palette of four flat spot colours on black, high contrast, screen-print separation, strong silhouette readable at arm's length, centred composition, isolated on solid black, no text, no lettering, no watermark, no gradient mesh, t-shirt graphic","text, letters, words, watermark, signature, photorealistic, 3d render, soft gradients, drop shadow, busy background, clutter, low contrast"
rowing__evolution,Rowing,evolution,"bold flat vector illustration, four-stage silhouette progression from child to adult ending with a single scull with oars mid-stroke, thick confident linework, limited palette of four flat spot colours on black, high contrast, screen-print separation, strong silhouette readable at arm's length, centred composition, isolated on solid black, no text, no lettering, no watermark, no gradient mesh, t-shirt graphic","text, letters, words, watermark, signature, photorealistic, 3d render, soft gradients, drop shadow, busy background, clutter, low contrast"
climbing__hero,Climbing,hero,"bold flat vector illustration, a carabiner, rope and chalk bag, thick confident linework, limited palette of four flat spot colours on black, high contrast, screen-print separation, strong silhouette readable at arm's length, centred composition, isolated on solid black, no text, no lettering, no watermark, no gradient mesh, t-shirt graphic","text, letters, words, watermark, signature, photorealistic, 3d render, soft gradients, drop shadow, busy background, clutter, low contrast"
climbing__insider,Climbing,insider,"bold flat vector illustration, a clean technical diagram only a climbing enthusiast would recognise, thick confident linework, limited palette of four flat spot colours on black, high contrast, screen-print separation, strong silhouette readable at arm's length, centred composition, isolated on solid black, no text, no lettering, no watermark, no gradient mesh, t-shirt graphic","text, letters, words, watermark, signature, photorealistic, 3d render, soft gradients, drop shadow, busy background, clutter, low contrast"
climbing__mosaic,Climbing,mosaic,"bold flat vector illustration, many small climbing rope silhouettes massed to form a large skull, thick confident linework, limited palette of four flat spot colours on black, high contrast, screen-print separation, strong silhouette readable at arm's length, centred composition, isolated on solid black, no text, no lettering, no watermark, no gradient mesh, t-shirt graphic","text, letters, words, watermark, signature, photorealistic, 3d render, soft gradients, drop shadow, busy background, clutter, low contrast"
climbing__evolution,Climbing,evolution,"bold flat vector illustration, four-stage silhouette progression from child to adult ending with a carabiner, rope and chalk bag, thick confident linework, limited palette of four flat spot colours on black, high contrast, screen-print separation, strong silhouette readable at arm's length, centred composition, isolated on solid black, no text, no lettering, no watermark, no gradient mesh, t-shirt graphic","text, letters, words, watermark, signature, photorealistic, 3d render, soft gradients, drop shadow, busy background, clutter, low contrast"
surfing__hero,Surfing,hero,"bold flat vector illustration, a surfboard against a breaking wave, thick confident linework, limited palette of four flat spot colours on black, high contrast, screen-print separation, strong silhouette readable at arm's length, centred composition, isolated on solid black, no text, no lettering, no watermark, no gradient mesh, t-shirt graphic","text, letters, words, watermark, signature, photorealistic, 3d render, soft gradients, drop shadow, busy background, clutter, low contrast"
surfing__insider,Surfing,insider,"bold flat vector illustration, a clean technical diagram only a surfing enthusiast would recognise, thick confident linework, limited palette of four flat spot colours on black, high contrast, screen-print separation, strong silhouette readable at arm's length, centred composition, isolated on solid black, no text, no lettering, no watermark, no gradient mesh, t-shirt graphic","text, letters, words, watermark, signature, photorealistic, 3d render, soft gradients, drop shadow, busy background, clutter, low contrast"
surfing__mosaic,Surfing,mosaic,"bold flat vector illustration, many small surfboard silhouettes massed to form a large skull, thick confident linework, limited palette of four flat spot colours on black, high contrast, screen-print separation, strong silhouette readable at arm's length, centred composition, isolated on solid black, no text, no lettering, no watermark, no gradient mesh, t-shirt graphic","text, letters, words, watermark, signature, photorealistic, 3d render, soft gradients, drop shadow, busy background, clutter, low contrast"
surfing__evolution,Surfing,evolution,"bold flat vector illustration, four-stage silhouette progression from child to adult ending with a surfboard against a breaking wave, thick confident linework, limited palette of four flat spot colours on black, high contrast, screen-print separation, strong silhouette readable at arm's length, centred composition, isolated on solid black, no text, no lettering, no watermark, no gradient mesh, t-shirt graphic","text, letters, words, watermark, signature, photorealistic, 3d render, soft gradients, drop shadow, busy background, clutter, low contrast"
skiing__hero,Skiing,hero,"bold flat vector illustration, crossed skis and poles in snow, thick confident linework, limited palette of four flat spot colours on black, high contrast, screen-print separation, strong silhouette readable at arm's length, centred composition, isolated on solid black, no text, no lettering, no watermark, no gradient mesh, t-shirt graphic","text, letters, words, watermark, signature, photorealistic, 3d render, soft gradients, drop shadow, busy background, clutter, low contrast"
skiing__insider,Skiing,insider,"bold flat vector illustration, a clean technical diagram only a skiing enthusiast would recognise, thick confident linework, limited palette of four flat spot colours on black, high contrast, screen-print separation, strong silhouette readable at arm's length, centred composition, isolated on solid black, no text, no lettering, no watermark, no gradient mesh, t-shirt graphic","text, letters, words, watermark, signature, photorealistic, 3d render, soft gradients, drop shadow, busy background, clutter, low contrast"
skiing__mosaic,Skiing,mosaic,"bold flat vector illustration, many small skis silhouettes massed to form a large skull, thick confident linework, limited palette of four flat spot colours on black, high contrast, screen-print separation, strong silhouette readable at arm's length, centred composition, isolated on solid black, no text, no lettering, no watermark, no gradient mesh, t-shirt graphic","text, letters, words, watermark, signature, photorealistic, 3d render, soft gradients, drop shadow, busy background, clutter, low contrast"
skiing__evolution,Skiing,evolution,"bold flat vector illustration, four-stage silhouette progression from child to adult ending with crossed skis and poles in snow, thick confident linework, limited palette of four flat spot colours on black, high contrast, screen-print separation, strong silhouette readable at arm's length, centred composition, isolated on solid black, no text, no lettering, no watermark, no gradient mesh, t-shirt graphic","text, letters, words, watermark, signature, photorealistic, 3d render, soft gradients, drop shadow, busy background, clutter, low contrast"
snowboarding__hero,Snowboarding,hero,"bold flat vector illustration, a snowboard mid-grab against sky, thick confident linework, limited palette of four flat spot colours on black, high contrast, screen-print separation, strong silhouette readable at arm's length, centred composition, isolated on solid black, no text, no lettering, no watermark, no gradient mesh, t-shirt graphic","text, letters, words, watermark, signature, photorealistic, 3d render, soft gradients, drop shadow, busy background, clutter, low contrast"
snowboarding__insider,Snowboarding,insider,"bold flat vector illustration, a clean technical diagram only a snowboarding enthusiast would recognise, thick confident linework, limited palette of four flat spot colours on black, high contrast, screen-print separation, strong silhouette readable at arm's length, centred composition, isolated on solid black, no text, no lettering, no watermark, no gradient mesh, t-shirt graphic","text, letters, words, watermark, signature, photorealistic, 3d render, soft gradients, drop shadow, busy background, clutter, low contrast"
snowboarding__mosaic,Snowboarding,mosaic,"bold flat vector illustration, many small snowboard silhouettes massed to form a large skull, thick confident linework, limited palette of four flat spot colours on black, high contrast, screen-print separation, strong silhouette readable at arm's length, centred composition, isolated on solid black, no text, no lettering, no watermark, no gradient mesh, t-shirt graphic","text, letters, words, watermark, signature, photorealistic, 3d render, soft gradients, drop shadow, busy background, clutter, low contrast"
snowboarding__evolution,Snowboarding,evolution,"bold flat vector illustration, four-stage silhouette progression from child to adult ending with a snowboard mid-grab against sky, thick confident linework, limited palette of four flat spot colours on black, high contrast, screen-print separation, strong silhouette readable at arm's length, centred composition, isolated on solid black, no text, no lettering, no watermark, no gradient mesh, t-shirt graphic","text, letters, words, watermark, signature, photorealistic, 3d render, soft gradients, drop shadow, busy background, clutter, low contrast"
kayaking__hero,Kayaking,hero,"bold flat vector illustration, a kayak punching through white water, thick confident linework, limited palette of four flat spot colours on black, high contrast, screen-print separation, strong silhouette readable at arm's length, centred composition, isolated on solid black, no text, no lettering, no watermark, no gradient mesh, t-shirt graphic","text, letters, words, watermark, signature, photorealistic, 3d render, soft gradients, drop shadow, busy background, clutter, low contrast"
kayaking__insider,Kayaking,insider,"bold flat vector illustration, a clean technical diagram only a kayaking enthusiast would recognise, thick confident linework, limited palette of four flat spot colours on black, high contrast, screen-print separation, strong silhouette readable at arm's length, centred composition, isolated on solid black, no text, no lettering, no watermark, no gradient mesh, t-shirt graphic","text, letters, words, watermark, signature, photorealistic, 3d render, soft gradients, drop shadow, busy background, clutter, low contrast"
kayaking__mosaic,Kayaking,mosaic,"bold flat vector illustration, many small kayak silhouettes massed to form a large skull, thick confident linework, limited palette of four flat spot colours on black, high contrast, screen-print separation, strong silhouette readable at arm's length, centred composition, isolated on solid black, no text, no lettering, no watermark, no gradient mesh, t-shirt graphic","text, letters, words, watermark, signature, photorealistic, 3d render, soft gradients, drop shadow, busy background, clutter, low contrast"
kayaking__evolution,Kayaking,evolution,"bold flat vector illustration, four-stage silhouette progression from child to adult ending with a kayak punching through white water, thick confident linework, limited palette of four flat spot colours on black, high contrast, screen-print separation, strong silhouette readable at arm's length, centred composition, isolated on solid black, no text, no lettering, no watermark, no gradient mesh, t-shirt graphic","text, letters, words, watermark, signature, photorealistic, 3d render, soft gradients, drop shadow, busy background, clutter, low contrast"
scuba_diving__hero,Scuba Diving,hero,"bold flat vector illustration, a diving mask, regulator and bubbles, thick confident linework, limited palette of four flat spot colours on black, high contrast, screen-print separation, strong silhouette readable at arm's length, centred composition, isolated on solid black, no text, no lettering, no watermark, no gradient mesh, t-shirt graphic","text, letters, words, watermark, signature, photorealistic, 3d render, soft gradients, drop shadow, busy background, clutter, low contrast"
scuba_diving__insider,Scuba Diving,insider,"bold flat vector illustration, a clean technical diagram only a scuba diving enthusiast would recognise, thick confident linework, limited palette of four flat spot colours on black, high contrast, screen-print separation, strong silhouette readable at arm's length, centred composition, isolated on solid black, no text, no lettering, no watermark, no gradient mesh, t-shirt graphic","text, letters, words, watermark, signature, photorealistic, 3d render, soft gradients, drop shadow, busy background, clutter, low contrast"
scuba_diving__mosaic,Scuba Diving,mosaic,"bold flat vector illustration, many small dive gear silhouettes massed to form a large skull, thick confident linework, limited palette of four flat spot colours on black, high contrast, screen-print separation, strong silhouette readable at arm's length, centred composition, isolated on solid black, no text, no lettering, no watermark, no gradient mesh, t-shirt graphic","text, letters, words, watermark, signature, photorealistic, 3d render, soft gradients, drop shadow, busy background, clutter, low contrast"
scuba_diving__evolution,Scuba Diving,evolution,"bold flat vector illustration, four-stage silhouette progression from child to adult ending with a diving mask, regulator and bubbles, thick confident linework, limited palette of four flat spot colours on black, high contrast, screen-print separation, strong silhouette readable at arm's length, centred composition, isolated on solid black, no text, no lettering, no watermark, no gradient mesh, t-shirt graphic","text, letters, words, watermark, signature, photorealistic, 3d render, soft gradients, drop shadow, busy background, clutter, low contrast"
horse_riding__hero,Horse Riding,hero,"bold flat vector illustration, a horse's head in profile with bridle, thick confident linework, limited palette of four flat spot colours on black, high contrast, screen-print separation, strong silhouette readable at arm's length, centred composition, isolated on solid black, no text, no lettering, no watermark, no gradient mesh, t-shirt graphic","text, letters, words, watermark, signature, photorealistic, 3d render, soft gradients, drop shadow, busy background, clutter, low contrast"
horse_riding__insider,Horse Riding,insider,"bold flat vector illustration, a clean technical diagram only a horse riding enthusiast would recognise, thick confident linework, limited palette of four flat spot colours on black, high contrast, screen-print separation, strong silhouette readable at arm's length, centred composition, isolated on solid black, no text, no lettering, no watermark, no gradient mesh, t-shirt graphic","text, letters, words, watermark, signature, photorealistic, 3d render, soft gradients, drop shadow, busy background, clutter, low contrast"
horse_riding__mosaic,Horse Riding,mosaic,"bold flat vector illustration, many small horse silhouettes massed to form a large skull, thick confident linework, limited palette of four flat spot colours on black, high contrast, screen-print separation, strong silhouette readable at arm's length, centred composition, isolated on solid black, no text, no lettering, no watermark, no gradient mesh, t-shirt graphic","text, letters, words, watermark, signature, photorealistic, 3d render, soft gradients, drop shadow, busy background, clutter, low contrast"
horse_riding__evolution,Horse Riding,evolution,"bold flat vector illustration, four-stage silhouette progression from child to adult ending with a horse's head in profile with bridle, thick confident linework, limited palette of four flat spot colours on black, high contrast, screen-print separation, strong silhouette readable at arm's length, centred composition, isolated on solid black, no text, no lettering, no watermark, no gradient mesh, t-shirt graphic","text, letters, words, watermark, signature, photorealistic, 3d render, soft gradients, drop shadow, busy background, clutter, low contrast"
motorsport__hero,Motorsport,hero,"bold flat vector illustration, a chequered flag and a racing helmet, thick confident linework, limited palette of four flat spot colours on black, high contrast, screen-print separation, strong silhouette readable at arm's length, centred composition, isolated on solid black, no text, no lettering, no watermark, no gradient mesh, t-shirt graphic","text, letters, words, watermark, signature, photorealistic, 3d render, soft gradients, drop shadow, busy background, clutter, low contrast"
motorsport__insider,Motorsport,insider,"bold flat vector illustration, a clean technical diagram only a motorsport enthusiast would recognise, thick confident linework, limited palette of four flat spot colours on black, high contrast, screen-print separation, strong silhouette readable at arm's length, centred composition, isolated on solid black, no text, no lettering, no watermark, no gradient mesh, t-shirt graphic","text, letters, words, watermark, signature, photorealistic, 3d render, soft gradients, drop shadow, busy background, clutter, low contrast"
motorsport__mosaic,Motorsport,mosaic,"bold flat vector illustration, many small racing helmet silhouettes massed to form a large skull, thick confident linework, limited palette of four flat spot colours on black, high contrast, screen-print separation, strong silhouette readable at arm's length, centred composition, isolated on solid black, no text, no lettering, no watermark, no gradient mesh, t-shirt graphic","text, letters, words, watermark, signature, photorealistic, 3d render, soft gradients, drop shadow, busy background, clutter, low contrast"
motorsport__evolution,Motorsport,evolution,"bold flat vector illustration, four-stage silhouette progression from child to adult ending with a chequered flag and a racing helmet, thick confident linework, limited palette of four flat spot colours on black, high contrast, screen-print separation, strong silhouette readable at arm's length, centred composition, isolated on solid black, no text, no lettering, no watermark, no gradient mesh, t-shirt graphic","text, letters, words, watermark, signature, photorealistic, 3d render, soft gradients, drop shadow, busy background, clutter, low contrast"
welding__hero,Welding,hero,"bold flat vector illustration, a welding mask with a spray of sparks, thick confident linework, limited palette of four flat spot colours on black, high contrast, screen-print separation, strong silhouette readable at arm's length, centred composition, isolated on solid black, no text, no lettering, no watermark, no gradient mesh, t-shirt graphic","text, letters, words, watermark, signature, photorealistic, 3d render, soft gradients, drop shadow, busy background, clutter, low contrast"
welding__insider,Welding,insider,"bold flat vector illustration, a clean technical diagram only a welding enthusiast would recognise, thick confident linework, limited palette of four flat spot colours on black, high contrast, screen-print separation, strong silhouette readable at arm's length, centred composition, isolated on solid black, no text, no lettering, no watermark, no gradient mesh, t-shirt graphic","text, letters, words, watermark, signature, photorealistic, 3d render, soft gradients, drop shadow, busy background, clutter, low contrast"
welding__mosaic,Welding,mosaic,"bold flat vector illustration, many small welding torch silhouettes massed to form a large skull, thick confident linework, limited palette of four flat spot colours on black, high contrast, screen-print separation, strong silhouette readable at arm's length, centred composition, isolated on solid black, no text, no lettering, no watermark, no gradient mesh, t-shirt graphic","text, letters, words, watermark, signature, photorealistic, 3d render, soft gradients, drop shadow, busy background, clutter, low contrast"
welding__evolution,Welding,evolution,"bold flat vector illustration, four-stage silhouette progression from child to adult ending with a welding mask with a spray of sparks, thick confident linework, limited palette of four flat spot colours on black, high contrast, screen-print separation, strong silhouette readable at arm's length, centred composition, isolated on solid black, no text, no lettering, no watermark, no gradient mesh, t-shirt graphic","text, letters, words, watermark, signature, photorealistic, 3d render, soft gradients, drop shadow, busy background, clutter, low contrast"
carpentry__hero,Carpentry,hero,"bold flat vector illustration, a hand plane and chisel on timber, thick confident linework, limited palette of four flat spot colours on black, high contrast, screen-print separation, strong silhouette readable at arm's length, centred composition, isolated on solid black, no text, no lettering, no watermark, no gradient mesh, t-shirt graphic","text, letters, words, watermark, signature, photorealistic, 3d render, soft gradients, drop shadow, busy background, clutter, low contrast"
carpentry__insider,Carpentry,insider,"bold flat vector illustration, a clean technical diagram only a carpentry enthusiast would recognise, thick confident linework, limited palette of four flat spot colours on black, high contrast, screen-print separation, strong silhouette readable at arm's length, centred composition, isolated on solid black, no text, no lettering, no watermark, no gradient mesh, t-shirt graphic","text, letters, words, watermark, signature, photorealistic, 3d render, soft gradients, drop shadow, busy background, clutter, low contrast"
carpentry__mosaic,Carpentry,mosaic,"bold flat vector illustration, many small chisel silhouettes massed to form a large skull, thick confident linework, limited palette of four flat spot colours on black, high contrast, screen-print separation, strong silhouette readable at arm's length, centred composition, isolated on solid black, no text, no lettering, no watermark, no gradient mesh, t-shirt graphic","text, letters, words, watermark, signature, photorealistic, 3d render, soft gradients, drop shadow, busy background, clutter, low contrast"
carpentry__evolution,Carpentry,evolution,"bold flat vector illustration, four-stage silhouette progression from child to adult ending with a hand plane and chisel on timber, thick confident linework, limited palette of four flat spot colours on black, high contrast, screen-print separation, strong silhouette readable at arm's length, centred composition, isolated on solid black, no text, no lettering, no watermark, no gradient mesh, t-shirt graphic","text, letters, words, watermark, signature, photorealistic, 3d render, soft gradients, drop shadow, busy background, clutter, low contrast"
plumbing__hero,Plumbing,hero,"bold flat vector illustration, a pipe wrench and copper elbow, thick confident linework, limited palette of four flat spot colours on black, high contrast, screen-print separation, strong silhouette readable at arm's length, centred composition, isolated on solid black, no text, no lettering, no watermark, no gradient mesh, t-shirt graphic","text, letters, words, watermark, signature, photorealistic, 3d render, soft gradients, drop shadow, busy background, clutter, low contrast"
plumbing__insider,Plumbing,insider,"bold flat vector illustration, a clean technical diagram only a plumbing enthusiast would recognise, thick confident linework, limited palette of four flat spot colours on black, high contrast, screen-print separation, strong silhouette readable at arm's length, centred composition, isolated on solid black, no text, no lettering, no watermark, no gradient mesh, t-shirt graphic","text, letters, words, watermark, signature, photorealistic, 3d render, soft gradients, drop shadow, busy background, clutter, low contrast"
plumbing__mosaic,Plumbing,mosaic,"bold flat vector illustration, many small pipe wrench silhouettes massed to form a large skull, thick confident linework, limited palette of four flat spot colours on black, high contrast, screen-print separation, strong silhouette readable at arm's length, centred composition, isolated on solid black, no text, no lettering, no watermark, no gradient mesh, t-shirt graphic","text, letters, words, watermark, signature, photorealistic, 3d render, soft gradients, drop shadow, busy background, clutter, low contrast"
plumbing__evolution,Plumbing,evolution,"bold flat vector illustration, four-stage silhouette progression from child to adult ending with a pipe wrench and copper elbow, thick confident linework, limited palette of four flat spot colours on black, high contrast, screen-print separation, strong silhouette readable at arm's length, centred composition, isolated on solid black, no text, no lettering, no watermark, no gradient mesh, t-shirt graphic","text, letters, words, watermark, signature, photorealistic, 3d render, soft gradients, drop shadow, busy background, clutter, low contrast"
electrician__hero,Electrician,hero,"bold flat vector illustration, a pair of side cutters and cable, thick confident linework, limited palette of four flat spot colours on black, high contrast, screen-print separation, strong silhouette readable at arm's length, centred composition, isolated on solid black, no text, no lettering, no watermark, no gradient mesh, t-shirt graphic","text, letters, words, watermark, signature, photorealistic, 3d render, soft gradients, drop shadow, busy background, clutter, low contrast"
electrician__insider,Electrician,insider,"bold flat vector illustration, a clean technical diagram only a electrician enthusiast would recognise, thick confident linework, limited palette of four flat spot colours on black, high contrast, screen-print separation, strong silhouette readable at arm's length, centred composition, isolated on solid black, no text, no lettering, no watermark, no gradient mesh, t-shirt graphic","text, letters, words, watermark, signature, photorealistic, 3d render, soft gradients, drop shadow, busy background, clutter, low contrast"
electrician__mosaic,Electrician,mosaic,"bold flat vector illustration, many small side cutters silhouettes massed to form a large skull, thick confident linework, limited palette of four flat spot colours on black, high contrast, screen-print separation, strong silhouette readable at arm's length, centred composition, isolated on solid black, no text, no lettering, no watermark, no gradient mesh, t-shirt graphic","text, letters, words, watermark, signature, photorealistic, 3d render, soft gradients, drop shadow, busy background, clutter, low contrast"
electrician__evolution,Electrician,evolution,"bold flat vector illustration, four-stage silhouette progression from child to adult ending with a pair of side cutters and cable, thick confident linework, limited palette of four flat spot colours on black, high contrast, screen-print separation, strong silhouette readable at arm's length, centred composition, isolated on solid black, no text, no lettering, no watermark, no gradient mesh, t-shirt graphic","text, letters, words, watermark, signature, photorealistic, 3d render, soft gradients, drop shadow, busy background, clutter, low contrast"
mechanic__hero,Mechanic,hero,"bold flat vector illustration, a socket set and a spanner, thick confident linework, limited palette of four flat spot colours on black, high contrast, screen-print separation, strong silhouette readable at arm's length, centred composition, isolated on solid black, no text, no lettering, no watermark, no gradient mesh, t-shirt graphic","text, letters, words, watermark, signature, photorealistic, 3d render, soft gradients, drop shadow, busy background, clutter, low contrast"
mechanic__insider,Mechanic,insider,"bold flat vector illustration, a clean technical diagram only a mechanic enthusiast would recognise, thick confident linework, limited palette of four flat spot colours on black, high contrast, screen-print separation, strong silhouette readable at arm's length, centred composition, isolated on solid black, no text, no lettering, no watermark, no gradient mesh, t-shirt graphic","text, letters, words, watermark, signature, photorealistic, 3d render, soft gradients, drop shadow, busy background, clutter, low contrast"
mechanic__mosaic,Mechanic,mosaic,"bold flat vector illustration, many small spanner silhouettes massed to form a large skull, thick confident linework, limited palette of four flat spot colours on black, high contrast, screen-print separation, strong silhouette readable at arm's length, centred composition, isolated on solid black, no text, no lettering, no watermark, no gradient mesh, t-shirt graphic","text, letters, words, watermark, signature, photorealistic, 3d render, soft gradients, drop shadow, busy background, clutter, low contrast"
mechanic__evolution,Mechanic,evolution,"bold flat vector illustration, four-stage silhouette progression from child to adult ending with a socket set and a spanner, thick confident linework, limited palette of four flat spot colours on black, high contrast, screen-print separation, strong silhouette readable at arm's length, centred composition, isolated on solid black, no text, no lettering, no watermark, no gradient mesh, t-shirt graphic","text, letters, words, watermark, signature, photorealistic, 3d render, soft gradients, drop shadow, busy background, clutter, low contrast"
builder__hero,Builder,hero,"bold flat vector illustration, a trowel and a run of brickwork, thick confident linework, limited palette of four flat spot colours on black, high contrast, screen-print separation, strong silhouette readable at arm's length, centred composition, isolated on solid black, no text, no lettering, no watermark, no gradient mesh, t-shirt graphic","text, letters, words, watermark, signature, photorealistic, 3d render, soft gradients, drop shadow, busy background, clutter, low contrast"
builder__insider,Builder,insider,"bold flat vector illustration, a clean technical diagram only a builder enthusiast would recognise, thick confident linework, limited palette of four flat spot colours on black, high contrast, screen-print separation, strong silhouette readable at arm's length, centred composition, isolated on solid black, no text, no lettering, no watermark, no gradient mesh, t-shirt graphic","text, letters, words, watermark, signature, photorealistic, 3d render, soft gradients, drop shadow, busy background, clutter, low contrast"
builder__mosaic,Builder,mosaic,"bold flat vector illustration, many small trowel silhouettes massed to form a large skull, thick confident linework, limited palette of four flat spot colours on black, high contrast, screen-print separation, strong silhouette readable at arm's length, centred composition, isolated on solid black, no text, no lettering, no watermark, no gradient mesh, t-shirt graphic","text, letters, words, watermark, signature, photorealistic, 3d render, soft gradients, drop shadow, busy background, clutter, low contrast"
builder__evolution,Builder,evolution,"bold flat vector illustration, four-stage silhouette progression from child to adult ending with a trowel and a run of brickwork, thick confident linework, limited palette of four flat spot colours on black, high contrast, screen-print separation, strong silhouette readable at arm's length, centred composition, isolated on solid black, no text, no lettering, no watermark, no gradient mesh, t-shirt graphic","text, letters, words, watermark, signature, photorealistic, 3d render, soft gradients, drop shadow, busy background, clutter, low contrast"
farming__hero,Farming,hero,"bold flat vector illustration, a combine harvester in a field, thick confident linework, limited palette of four flat spot colours on black, high contrast, screen-print separation, strong silhouette readable at arm's length, centred composition, isolated on solid black, no text, no lettering, no watermark, no gradient mesh, t-shirt graphic","text, letters, words, watermark, signature, photorealistic, 3d render, soft gradients, drop shadow, busy background, clutter, low contrast"
farming__hero__at_sunset,Farming,hero_scene,"bold flat vector illustration, a combine harvester in a field, at sunset, thick confident linework, limited palette of four flat spot colours on black, high contrast, screen-print separation, strong silhouette readable at arm's length, centred composition, isolated on solid black, no text, no lettering, no watermark, no gradient mesh, t-shirt graphic","text, letters, words, watermark, signature, photorealistic, 3d render, soft gradients, drop shadow, busy background, clutter, low contrast"
farming__hero__in_a_storm,Farming,hero_scene,"bold flat vector illustration, a combine harvester in a field, in a storm, thick confident linework, limited palette of four flat spot colours on black, high contrast, screen-print separation, strong silhouette readable at arm's length, centred composition, isolated on solid black, no text, no lettering, no watermark, no gradient mesh, t-shirt graphic","text, letters, words, watermark, signature, photorealistic, 3d render, soft gradients, drop shadow, busy background, clutter, low contrast"
farming__hero__on_a_mountain,Farming,hero_scene,"bold flat vector illustration, a combine harvester in a field, on a mountain, thick confident linework, limited palette of four flat spot colours on black, high contrast, screen-print separation, strong silhouette readable at arm's length, centred composition, isolated on solid black, no text, no lettering, no watermark, no gradient mesh, t-shirt graphic","text, letters, words, watermark, signature, photorealistic, 3d render, soft gradients, drop shadow, busy background, clutter, low contrast"
farming__hero__by_the_coast,Farming,hero_scene,"bold flat vector illustration, a combine harvester in a field, by the coast, thick confident linework, limited palette of four flat spot colours on black, high contrast, screen-print separation, strong silhouette readable at arm's length, centred composition, isolated on solid black, no text, no lettering, no watermark, no gradient mesh, t-shirt graphic","text, letters, words, watermark, signature, photorealistic, 3d render, soft gradients, drop shadow, busy background, clutter, low contrast"
farming__hero__in_the_fog,Farming,hero_scene,"bold flat vector illustration, a combine harvester in a field, in the fog, thick confident linework, limited palette of four flat spot colours on black, high contrast, screen-print separation, strong silhouette readable at arm's length, centred composition, isolated on solid black, no text, no lettering, no watermark, no gradient mesh, t-shirt graphic","text, letters, words, watermark, signature, photorealistic, 3d render, soft gradients, drop shadow, busy background, clutter, low contrast"
farming__hero__at_dawn,Farming,hero_scene,"bold flat vector illustration, a combine harvester in a field, at dawn, thick confident linework, limited palette of four flat spot colours on black, high contrast, screen-print separation, strong silhouette readable at arm's length, centred composition, isolated on solid black, no text, no lettering, no watermark, no gradient mesh, t-shirt graphic","text, letters, words, watermark, signature, photorealistic, 3d render, soft gradients, drop shadow, busy background, clutter, low contrast"
farming__insider,Farming,insider,"bold flat vector illustration, a clean technical diagram only a farming enthusiast would recognise, thick confident linework, limited palette of four flat spot colours on black, high contrast, screen-print separation, strong silhouette readable at arm's length, centred composition, isolated on solid black, no text, no lettering, no watermark, no gradient mesh, t-shirt graphic","text, letters, words, watermark, signature, photorealistic, 3d render, soft gradients, drop shadow, busy background, clutter, low contrast"
farming__mosaic,Farming,mosaic,"bold flat vector illustration, many small combine silhouettes massed to form a large skull, thick confident linework, limited palette of four flat spot colours on black, high contrast, screen-print separation, strong silhouette readable at arm's length, centred composition, isolated on solid black, no text, no lettering, no watermark, no gradient mesh, t-shirt graphic","text, letters, words, watermark, signature, photorealistic, 3d render, soft gradients, drop shadow, busy background, clutter, low contrast"
farming__mosaic__at_sunset,Farming,mosaic_scene,"bold flat vector illustration, a combine harvester in a field, at sunset, thick confident linework, limited palette of four flat spot colours on black, high contrast, screen-print separation, strong silhouette readable at arm's length, centred composition, isolated on solid black, no text, no lettering, no watermark, no gradient mesh, t-shirt graphic","text, letters, words, watermark, signature, photorealistic, 3d render, soft gradients, drop shadow, busy background, clutter, low contrast"
farming__mosaic__in_a_storm,Farming,mosaic_scene,"bold flat vector illustration, a combine harvester in a field, in a storm, thick confident linework, limited palette of four flat spot colours on black, high contrast, screen-print separation, strong silhouette readable at arm's length, centred composition, isolated on solid black, no text, no lettering, no watermark, no gradient mesh, t-shirt graphic","text, letters, words, watermark, signature, photorealistic, 3d render, soft gradients, drop shadow, busy background, clutter, low contrast"
farming__mosaic__on_a_mountain,Farming,mosaic_scene,"bold flat vector illustration, a combine harvester in a field, on a mountain, thick confident linework, limited palette of four flat spot colours on black, high contrast, screen-print separation, strong silhouette readable at arm's length, centred composition, isolated on solid black, no text, no lettering, no watermark, no gradient mesh, t-shirt graphic","text, letters, words, watermark, signature, photorealistic, 3d render, soft gradients, drop shadow, busy background, clutter, low contrast"
farming__mosaic__by_the_coast,Farming,mosaic_scene,"bold flat vector illustration, a combine harvester in a field, by the coast, thick confident linework, limited palette of four flat spot colours on black, high contrast, screen-print separation, strong silhouette readable at arm's length, centred composition, isolated on solid black, no text, no lettering, no watermark, no gradient mesh, t-shirt graphic","text, letters, words, watermark, signature, photorealistic, 3d render, soft gradients, drop shadow, busy background, clutter, low contrast"
farming__mosaic__in_the_fog,Farming,mosaic_scene,"bold flat vector illustration, a combine harvester in a field, in the fog, thick confident linework, limited palette of four flat spot colours on black, high contrast, screen-print separation, strong silhouette readable at arm's length, centred composition, isolated on solid black, no text, no lettering, no watermark, no gradient mesh, t-shirt graphic","text, letters, words, watermark, signature, photorealistic, 3d render, soft gradients, drop shadow, busy background, clutter, low contrast"
farming__mosaic__at_dawn,Farming,mosaic_scene,"bold flat vector illustration, a combine harvester in a field, at dawn, thick confident linework, limited palette of four flat spot colours on black, high contrast, screen-print separation, strong silhouette readable at arm's length, centred composition, isolated on solid black, no text, no lettering, no watermark, no gradient mesh, t-shirt graphic","text, letters, words, watermark, signature, photorealistic, 3d render, soft gradients, drop shadow, busy background, clutter, low contrast"
farming__evolution,Farming,evolution,"bold flat vector illustration, four-stage silhouette progression from child to adult ending with a combine harvester in a field, thick confident linework, limited palette of four flat spot colours on black, high contrast, screen-print separation, strong silhouette readable at arm's length, centred composition, isolated on solid black, no text, no lettering, no watermark, no gradient mesh, t-shirt graphic","text, letters, words, watermark, signature, photorealistic, 3d render, soft gradients, drop shadow, busy background, clutter, low contrast"
chef__hero,Chef,hero,"bold flat vector illustration, a chef's knife and board, thick confident linework, limited palette of four flat spot colours on black, high contrast, screen-print separation, strong silhouette readable at arm's length, centred composition, isolated on solid black, no text, no lettering, no watermark, no gradient mesh, t-shirt graphic","text, letters, words, watermark, signature, photorealistic, 3d render, soft gradients, drop shadow, busy background, clutter, low contrast"
chef__insider,Chef,insider,"bold flat vector illustration, a clean technical diagram only a chef enthusiast would recognise, thick confident linework, limited palette of four flat spot colours on black, high contrast, screen-print separation, strong silhouette readable at arm's length, centred composition, isolated on solid black, no text, no lettering, no watermark, no gradient mesh, t-shirt graphic","text, letters, words, watermark, signature, photorealistic, 3d render, soft gradients, drop shadow, busy background, clutter, low contrast"
chef__mosaic,Chef,mosaic,"bold flat vector illustration, many small chef knife silhouettes massed to form a large skull, thick confident linework, limited palette of four flat spot colours on black, high contrast, screen-print separation, strong silhouette readable at arm's length, centred composition, isolated on solid black, no text, no lettering, no watermark, no gradient mesh, t-shirt graphic","text, letters, words, watermark, signature, photorealistic, 3d render, soft gradients, drop shadow, busy background, clutter, low contrast"
chef__evolution,Chef,evolution,"bold flat vector illustration, four-stage silhouette progression from child to adult ending with a chef's knife and board, thick confident linework, limited palette of four flat spot colours on black, high contrast, screen-print separation, strong silhouette readable at arm's length, centred composition, isolated on solid black, no text, no lettering, no watermark, no gradient mesh, t-shirt graphic","text, letters, words, watermark, signature, photorealistic, 3d render, soft gradients, drop shadow, busy background, clutter, low contrast"
baking__hero,Baking,hero,"bold flat vector illustration, a stand mixer and rolling pin, thick confident linework, limited palette of four flat spot colours on black, high contrast, screen-print separation, strong silhouette readable at arm's length, centred composition, isolated on solid black, no text, no lettering, no watermark, no gradient mesh, t-shirt graphic","text, letters, words, watermark, signature, photorealistic, 3d render, soft gradients, drop shadow, busy background, clutter, low contrast"
baking__insider,Baking,insider,"bold flat vector illustration, a clean technical diagram only a baking enthusiast would recognise, thick confident linework, limited palette of four flat spot colours on black, high contrast, screen-print separation, strong silhouette readable at arm's length, centred composition, isolated on solid black, no text, no lettering, no watermark, no gradient mesh, t-shirt graphic","text, letters, words, watermark, signature, photorealistic, 3d render, soft gradients, drop shadow, busy background, clutter, low contrast"
baking__mosaic,Baking,mosaic,"bold flat vector illustration, many small rolling pin silhouettes massed to form a large skull, thick confident linework, limited palette of four flat spot colours on black, high contrast, screen-print separation, strong silhouette readable at arm's length, centred composition, isolated on solid black, no text, no lettering, no watermark, no gradient mesh, t-shirt graphic","text, letters, words, watermark, signature, photorealistic, 3d render, soft gradients, drop shadow, busy background, clutter, low contrast"
baking__evolution,Baking,evolution,"bold flat vector illustration, four-stage silhouette progression from child to adult ending with a stand mixer and rolling pin, thick confident linework, limited palette of four flat spot colours on black, high contrast, screen-print separation, strong silhouette readable at arm's length, centred composition, isolated on solid black, no text, no lettering, no watermark, no gradient mesh, t-shirt graphic","text, letters, words, watermark, signature, photorealistic, 3d render, soft gradients, drop shadow, busy background, clutter, low contrast"
barbecue__hero,Barbecue,hero,"bold flat vector illustration, a kettle barbecue with rising flame, thick confident linework, limited palette of four flat spot colours on black, high contrast, screen-print separation, strong silhouette readable at arm's length, centred composition, isolated on solid black, no text, no lettering, no watermark, no gradient mesh, t-shirt graphic","text, letters, words, watermark, signature, photorealistic, 3d render, soft gradients, drop shadow, busy background, clutter, low contrast"
barbecue__insider,Barbecue,insider,"bold flat vector illustration, a clean technical diagram only a barbecue enthusiast would recognise, thick confident linework, limited palette of four flat spot colours on black, high contrast, screen-print separation, strong silhouette readable at arm's length, centred composition, isolated on solid black, no text, no lettering, no watermark, no gradient mesh, t-shirt graphic","text, letters, words, watermark, signature, photorealistic, 3d render, soft gradients, drop shadow, busy background, clutter, low contrast"
barbecue__mosaic,Barbecue,mosaic,"bold flat vector illustration, many small barbecue silhouettes massed to form a large skull, thick confident linework, limited palette of four flat spot colours on black, high contrast, screen-print separation, strong silhouette readable at arm's length, centred composition, isolated on solid black, no text, no lettering, no watermark, no gradient mesh, t-shirt graphic","text, letters, words, watermark, signature, photorealistic, 3d render, soft gradients, drop shadow, busy background, clutter, low contrast"
barbecue__evolution,Barbecue,evolution,"bold flat vector illustration, four-stage silhouette progression from child to adult ending with a kettle barbecue with rising flame, thick confident linework, limited palette of four flat spot colours on black, high contrast, screen-print separation, strong silhouette readable at arm's length, centred composition, isolated on solid black, no text, no lettering, no watermark, no gradient mesh, t-shirt graphic","text, letters, words, watermark, signature, photorealistic, 3d render, soft gradients, drop shadow, busy background, clutter, low contrast"
home_brewing__hero,Home Brewing,hero,"bold flat vector illustration, a pint glass, hops and hydrometer, thick confident linework, limited palette of four flat spot colours on black, high contrast, screen-print separation, strong silhouette readable at arm's length, centred composition, isolated on solid black, no text, no lettering, no watermark, no gradient mesh, t-shirt graphic","text, letters, words, watermark, signature, photorealistic, 3d render, soft gradients, drop shadow, busy background, clutter, low contrast"
home_brewing__insider,Home Brewing,insider,"bold flat vector illustration, a clean technical diagram only a home brewing enthusiast would recognise, thick confident linework, limited palette of four flat spot colours on black, high contrast, screen-print separation, strong silhouette readable at arm's length, centred composition, isolated on solid black, no text, no lettering, no watermark, no gradient mesh, t-shirt graphic","text, letters, words, watermark, signature, photorealistic, 3d render, soft gradients, drop shadow, busy background, clutter, low contrast"
home_brewing__mosaic,Home Brewing,mosaic,"bold flat vector illustration, many small brew kit silhouettes massed to form a large skull, thick confident linework, limited palette of four flat spot colours on black, high contrast, screen-print separation, strong silhouette readable at arm's length, centred composition, isolated on solid black, no text, no lettering, no watermark, no gradient mesh, t-shirt graphic","text, letters, words, watermark, signature, photorealistic, 3d render, soft gradients, drop shadow, busy background, clutter, low contrast"
home_brewing__evolution,Home Brewing,evolution,"bold flat vector illustration, four-stage silhouette progression from child to adult ending with a pint glass, hops and hydrometer, thick confident linework, limited palette of four flat spot colours on black, high contrast, screen-print separation, strong silhouette readable at arm's length, centred composition, isolated on solid black, no text, no lettering, no watermark, no gradient mesh, t-shirt graphic","text, letters, words, watermark, signature, photorealistic, 3d render, soft gradients, drop shadow, busy background, clutter, low contrast"
photography__hero,Photography,hero,"bold flat vector illustration, a DSLR with a long lens, thick confident linework, limited palette of four flat spot colours on black, high contrast, screen-print separation, strong silhouette readable at arm's length, centred composition, isolated on solid black, no text, no lettering, no watermark, no gradient mesh, t-shirt graphic","text, letters, words, watermark, signature, photorealistic, 3d render, soft gradients, drop shadow, busy background, clutter, low contrast"
photography__insider,Photography,insider,"bold flat vector illustration, a clean technical diagram only a photography enthusiast would recognise, thick confident linework, limited palette of four flat spot colours on black, high contrast, screen-print separation, strong silhouette readable at arm's length, centred composition, isolated on solid black, no text, no lettering, no watermark, no gradient mesh, t-shirt graphic","text, letters, words, watermark, signature, photorealistic, 3d render, soft gradients, drop shadow, busy background, clutter, low contrast"
photography__mosaic,Photography,mosaic,"bold flat vector illustration, many small camera silhouettes massed to form a large skull, thick confident linework, limited palette of four flat spot colours on black, high contrast, screen-print separation, strong silhouette readable at arm's length, centred composition, isolated on solid black, no text, no lettering, no watermark, no gradient mesh, t-shirt graphic","text, letters, words, watermark, signature, photorealistic, 3d render, soft gradients, drop shadow, busy background, clutter, low contrast"
photography__evolution,Photography,evolution,"bold flat vector illustration, four-stage silhouette progression from child to adult ending with a DSLR with a long lens, thick confident linework, limited palette of four flat spot colours on black, high contrast, screen-print separation, strong silhouette readable at arm's length, centred composition, isolated on solid black, no text, no lettering, no watermark, no gradient mesh, t-shirt graphic","text, letters, words, watermark, signature, photorealistic, 3d render, soft gradients, drop shadow, busy background, clutter, low contrast"
drone_flying__hero,Drone Flying,hero,"bold flat vector illustration, a quadcopter drone in flight, thick confident linework, limited palette of four flat spot colours on black, high contrast, screen-print separation, strong silhouette readable at arm's length, centred composition, isolated on solid black, no text, no lettering, no watermark, no gradient mesh, t-shirt graphic","text, letters, words, watermark, signature, photorealistic, 3d render, soft gradients, drop shadow, busy background, clutter, low contrast"
drone_flying__insider,Drone Flying,insider,"bold flat vector illustration, a clean technical diagram only a drone flying enthusiast would recognise, thick confident linework, limited palette of four flat spot colours on black, high contrast, screen-print separation, strong silhouette readable at arm's length, centred composition, isolated on solid black, no text, no lettering, no watermark, no gradient mesh, t-shirt graphic","text, letters, words, watermark, signature, photorealistic, 3d render, soft gradients, drop shadow, busy background, clutter, low contrast"
drone_flying__mosaic,Drone Flying,mosaic,"bold flat vector illustration, many small drone silhouettes massed to form a large skull, thick confident linework, limited palette of four flat spot colours on black, high contrast, screen-print separation, strong silhouette readable at arm's length, centred composition, isolated on solid black, no text, no lettering, no watermark, no gradient mesh, t-shirt graphic","text, letters, words, watermark, signature, photorealistic, 3d render, soft gradients, drop shadow, busy background, clutter, low contrast"
drone_flying__evolution,Drone Flying,evolution,"bold flat vector illustration, four-stage silhouette progression from child to adult ending with a quadcopter drone in flight, thick confident linework, limited palette of four flat spot colours on black, high contrast, screen-print separation, strong silhouette readable at arm's length, centred composition, isolated on solid black, no text, no lettering, no watermark, no gradient mesh, t-shirt graphic","text, letters, words, watermark, signature, photorealistic, 3d render, soft gradients, drop shadow, busy background, clutter, low contrast"
model_railway__hero,Model Railway,hero,"bold flat vector illustration, a model locomotive on scale track, thick confident linework, limited palette of four flat spot colours on black, high contrast, screen-print separation, strong silhouette readable at arm's length, centred composition, isolated on solid black, no text, no lettering, no watermark, no gradient mesh, t-shirt graphic","text, letters, words, watermark, signature, photorealistic, 3d render, soft gradients, drop shadow, busy background, clutter, low contrast"
model_railway__insider,Model Railway,insider,"bold flat vector illustration, a clean technical diagram only a model railway enthusiast would recognise, thick confident linework, limited palette of four flat spot colours on black, high contrast, screen-print separation, strong silhouette readable at arm's length, centred composition, isolated on solid black, no text, no lettering, no watermark, no gradient mesh, t-shirt graphic","text, letters, words, watermark, signature, photorealistic, 3d render, soft gradients, drop shadow, busy background, clutter, low contrast"
model_railway__mosaic,Model Railway,mosaic,"bold flat vector illustration, many small model railway silhouettes massed to form a large skull, thick confident linework, limited palette of four flat spot colours on black, high contrast, screen-print separation, strong silhouette readable at arm's length, centred composition, isolated on solid black, no text, no lettering, no watermark, no gradient mesh, t-shirt graphic","text, letters, words, watermark, signature, photorealistic, 3d render, soft gradients, drop shadow, busy background, clutter, low contrast"
model_railway__evolution,Model Railway,evolution,"bold flat vector illustration, four-stage silhouette progression from child to adult ending with a model locomotive on scale track, thick confident linework, limited palette of four flat spot colours on black, high contrast, screen-print separation, strong silhouette readable at arm's length, centred composition, isolated on solid black, no text, no lettering, no watermark, no gradient mesh, t-shirt graphic","text, letters, words, watermark, signature, photorealistic, 3d render, soft gradients, drop shadow, busy background, clutter, low contrast"
chess__hero,Chess,hero,"bold flat vector illustration, a knight piece on a board, thick confident linework, limited palette of four flat spot colours on black, high contrast, screen-print separation, strong silhouette readable at arm's length, centred composition, isolated on solid black, no text, no lettering, no watermark, no gradient mesh, t-shirt graphic","text, letters, words, watermark, signature, photorealistic, 3d render, soft gradients, drop shadow, busy background, clutter, low contrast"
chess__insider,Chess,insider,"bold flat vector illustration, a clean technical diagram only a chess enthusiast would recognise, thick confident linework, limited palette of four flat spot colours on black, high contrast, screen-print separation, strong silhouette readable at arm's length, centred composition, isolated on solid black, no text, no lettering, no watermark, no gradient mesh, t-shirt graphic","text, letters, words, watermark, signature, photorealistic, 3d render, soft gradients, drop shadow, busy background, clutter, low contrast"
chess__mosaic,Chess,mosaic,"bold flat vector illustration, many small chess board silhouettes massed to form a large skull, thick confident linework, limited palette of four flat spot colours on black, high contrast, screen-print separation, strong silhouette readable at arm's length, centred composition, isolated on solid black, no text, no lettering, no watermark, no gradient mesh, t-shirt graphic","text, letters, words, watermark, signature, photorealistic, 3d render, soft gradients, drop shadow, busy background, clutter, low contrast"
chess__evolution,Chess,evolution,"bold flat vector illustration, four-stage silhouette progression from child to adult ending with a knight piece on a board, thick confident linework, limited palette of four flat spot colours on black, high contrast, screen-print separation, strong silhouette readable at arm's length, centred composition, isolated on solid black, no text, no lettering, no watermark, no gradient mesh, t-shirt graphic","text, letters, words, watermark, signature, photorealistic, 3d render, soft gradients, drop shadow, busy background, clutter, low contrast"
eagle__hero,Eagle,hero,"bold flat vector illustration, an eagle with wings spread, talons forward, thick confident linework, limited palette of four flat spot colours on black, high contrast, screen-print separation, strong silhouette readable at arm's length, centred composition, isolated on solid black, no text, no lettering, no watermark, no gradient mesh, t-shirt graphic","text, letters, words, watermark, signature, photorealistic, 3d render, soft gradients, drop shadow, busy background, clutter, low contrast"
eagle__hero__at_sunset,Eagle,hero_scene,"bold flat vector illustration, an eagle with wings spread, talons forward, at sunset, thick confident linework, limited palette of four flat spot colours on black, high contrast, screen-print separation, strong silhouette readable at arm's length, centred composition, isolated on solid black, no text, no lettering, no watermark, no gradient mesh, t-shirt graphic","text, letters, words, watermark, signature, photorealistic, 3d render, soft gradients, drop shadow, busy background, clutter, low contrast"
eagle__hero__in_a_storm,Eagle,hero_scene,"bold flat vector illustration, an eagle with wings spread, talons forward, in a storm, thick confident linework, limited palette of four flat spot colours on black, high contrast, screen-print separation, strong silhouette readable at arm's length, centred composition, isolated on solid black, no text, no lettering, no watermark, no gradient mesh, t-shirt graphic","text, letters, words, watermark, signature, photorealistic, 3d render, soft gradients, drop shadow, busy background, clutter, low contrast"
eagle__hero__on_a_mountain,Eagle,hero_scene,"bold flat vector illustration, an eagle with wings spread, talons forward, on a mountain, thick confident linework, limited palette of four flat spot colours on black, high contrast, screen-print separation, strong silhouette readable at arm's length, centred composition, isolated on solid black, no text, no lettering, no watermark, no gradient mesh, t-shirt graphic","text, letters, words, watermark, signature, photorealistic, 3d render, soft gradients, drop shadow, busy background, clutter, low contrast"
eagle__hero__by_the_coast,Eagle,hero_scene,"bold flat vector illustration, an eagle with wings spread, talons forward, by the coast, thick confident linework, limited palette of four flat spot colours on black, high contrast, screen-print separation, strong silhouette readable at arm's length, centred composition, isolated on solid black, no text, no lettering, no watermark, no gradient mesh, t-shirt graphic","text, letters, words, watermark, signature, photorealistic, 3d render, soft gradients, drop shadow, busy background, clutter, low contrast"
eagle__hero__in_the_fog,Eagle,hero_scene,"bold flat vector illustration, an eagle with wings spread, talons forward, in the fog, thick confident linework, limited palette of four flat spot colours on black, high contrast, screen-print separation, strong silhouette readable at arm's length, centred composition, isolated on solid black, no text, no lettering, no watermark, no gradient mesh, t-shirt graphic","text, letters, words, watermark, signature, photorealistic, 3d render, soft gradients, drop shadow, busy background, clutter, low contrast"
eagle__hero__at_dawn,Eagle,hero_scene,"bold flat vector illustration, an eagle with wings spread, talons forward, at dawn, thick confident linework, limited palette of four flat spot colours on black, high contrast, screen-print separation, strong silhouette readable at arm's length, centred composition, isolated on solid black, no text, no lettering, no watermark, no gradient mesh, t-shirt graphic","text, letters, words, watermark, signature, photorealistic, 3d render, soft gradients, drop shadow, busy background, clutter, low contrast"
eagle__insider,Eagle,insider,"bold flat vector illustration, a clean technical diagram only a eagle enthusiast would recognise, thick confident linework, limited palette of four flat spot colours on black, high contrast, screen-print separation, strong silhouette readable at arm's length, centred composition, isolated on solid black, no text, no lettering, no watermark, no gradient mesh, t-shirt graphic","text, letters, words, watermark, signature, photorealistic, 3d render, soft gradients, drop shadow, busy background, clutter, low contrast"
eagle__mosaic,Eagle,mosaic,"bold flat vector illustration, many small eagle silhouettes massed to form a large skull, thick confident linework, limited palette of four flat spot colours on black, high contrast, screen-print separation, strong silhouette readable at arm's length, centred composition, isolated on solid black, no text, no lettering, no watermark, no gradient mesh, t-shirt graphic","text, letters, words, watermark, signature, photorealistic, 3d render, soft gradients, drop shadow, busy background, clutter, low contrast"
eagle__mosaic__at_sunset,Eagle,mosaic_scene,"bold flat vector illustration, an eagle with wings spread, talons forward, at sunset, thick confident linework, limited palette of four flat spot colours on black, high contrast, screen-print separation, strong silhouette readable at arm's length, centred composition, isolated on solid black, no text, no lettering, no watermark, no gradient mesh, t-shirt graphic","text, letters, words, watermark, signature, photorealistic, 3d render, soft gradients, drop shadow, busy background, clutter, low contrast"
eagle__mosaic__in_a_storm,Eagle,mosaic_scene,"bold flat vector illustration, an eagle with wings spread, talons forward, in a storm, thick confident linework, limited palette of four flat spot colours on black, high contrast, screen-print separation, strong silhouette readable at arm's length, centred composition, isolated on solid black, no text, no lettering, no watermark, no gradient mesh, t-shirt graphic","text, letters, words, watermark, signature, photorealistic, 3d render, soft gradients, drop shadow, busy background, clutter, low contrast"
eagle__mosaic__on_a_mountain,Eagle,mosaic_scene,"bold flat vector illustration, an eagle with wings spread, talons forward, on a mountain, thick confident linework, limited palette of four flat spot colours on black, high contrast, screen-print separation, strong silhouette readable at arm's length, centred composition, isolated on solid black, no text, no lettering, no watermark, no gradient mesh, t-shirt graphic","text, letters, words, watermark, signature, photorealistic, 3d render, soft gradients, drop shadow, busy background, clutter, low contrast"
eagle__mosaic__by_the_coast,Eagle,mosaic_scene,"bold flat vector illustration, an eagle with wings spread, talons forward, by the coast, thick confident linework, limited palette of four flat spot colours on black, high contrast, screen-print separation, strong silhouette readable at arm's length, centred composition, isolated on solid black, no text, no lettering, no watermark, no gradient mesh, t-shirt graphic","text, letters, words, watermark, signature, photorealistic, 3d render, soft gradients, drop shadow, busy background, clutter, low contrast"
eagle__mosaic__in_the_fog,Eagle,mosaic_scene,"bold flat vector illustration, an eagle with wings spread, talons forward, in the fog, thick confident linework, limited palette of four flat spot colours on black, high contrast, screen-print separation, strong silhouette readable at arm's length, centred composition, isolated on solid black, no text, no lettering, no watermark, no gradient mesh, t-shirt graphic","text, letters, words, watermark, signature, photorealistic, 3d render, soft gradients, drop shadow, busy background, clutter, low contrast"
eagle__mosaic__at_dawn,Eagle,mosaic_scene,"bold flat vector illustration, an eagle with wings spread, talons forward, at dawn, thick confident linework, limited palette of four flat spot colours on black, high contrast, screen-print separation, strong silhouette readable at arm's length, centred composition, isolated on solid black, no text, no lettering, no watermark, no gradient mesh, t-shirt graphic","text, letters, words, watermark, signature, photorealistic, 3d render, soft gradients, drop shadow, busy background, clutter, low contrast"
eagle__evolution,Eagle,evolution,"bold flat vector illustration, four-stage silhouette progression from child to adult ending with an eagle with wings spread, talons forward, thick confident linework, limited palette of four flat spot colours on black, high contrast, screen-print separation, strong silhouette readable at arm's length, centred composition, isolated on solid black, no text, no lettering, no watermark, no gradient mesh, t-shirt graphic","text, letters, words, watermark, signature, photorealistic, 3d render, soft gradients, drop shadow, busy background, clutter, low contrast"
stag__hero,Stag,hero,"bold flat vector illustration, a stag's head with full antlers, thick confident linework, limited palette of four flat spot colours on black, high contrast, screen-print separation, strong silhouette readable at arm's length, centred composition, isolated on solid black, no text, no lettering, no watermark, no gradient mesh, t-shirt graphic","text, letters, words, watermark, signature, photorealistic, 3d render, soft gradients, drop shadow, busy background, clutter, low contrast"
stag__hero__at_sunset,Stag,hero_scene,"bold flat vector illustration, a stag's head with full antlers, at sunset, thick confident linework, limited palette of four flat spot colours on black, high contrast, screen-print separation, strong silhouette readable at arm's length, centred composition, isolated on solid black, no text, no lettering, no watermark, no gradient mesh, t-shirt graphic","text, letters, words, watermark, signature, photorealistic, 3d render, soft gradients, drop shadow, busy background, clutter, low contrast"
stag__hero__in_a_storm,Stag,hero_scene,"bold flat vector illustration, a stag's head with full antlers, in a storm, thick confident linework, limited palette of four flat spot colours on black, high contrast, screen-print separation, strong silhouette readable at arm's length, centred composition, isolated on solid black, no text, no lettering, no watermark, no gradient mesh, t-shirt graphic","text, letters, words, watermark, signature, photorealistic, 3d render, soft gradients, drop shadow, busy background, clutter, low contrast"
stag__hero__on_a_mountain,Stag,hero_scene,"bold flat vector illustration, a stag's head with full antlers, on a mountain, thick confident linework, limited palette of four flat spot colours on black, high contrast, screen-print separation, strong silhouette readable at arm's length, centred composition, isolated on solid black, no text, no lettering, no watermark, no gradient mesh, t-shirt graphic","text, letters, words, watermark, signature, photorealistic, 3d render, soft gradients, drop shadow, busy background, clutter, low contrast"
stag__hero__by_the_coast,Stag,hero_scene,"bold flat vector illustration, a stag's head with full antlers, by the coast, thick confident linework, limited palette of four flat spot colours on black, high contrast, screen-print separation, strong silhouette readable at arm's length, centred composition, isolated on solid black, no text, no lettering, no watermark, no gradient mesh, t-shirt graphic","text, letters, words, watermark, signature, photorealistic, 3d render, soft gradients, drop shadow, busy background, clutter, low contrast"
stag__hero__in_the_fog,Stag,hero_scene,"bold flat vector illustration, a stag's head with full antlers, in the fog, thick confident linework, limited palette of four flat spot colours on black, high contrast, screen-print separation, strong silhouette readable at arm's length, centred composition, isolated on solid black, no text, no lettering, no watermark, no gradient mesh, t-shirt graphic","text, letters, words, watermark, signature, photorealistic, 3d render, soft gradients, drop shadow, busy background, clutter, low contrast"
stag__hero__at_dawn,Stag,hero_scene,"bold flat vector illustration, a stag's head with full antlers, at dawn, thick confident linework, limited palette of four flat spot colours on black, high contrast, screen-print separation, strong silhouette readable at arm's length, centred composition, isolated on solid black, no text, no lettering, no watermark, no gradient mesh, t-shirt graphic","text, letters, words, watermark, signature, photorealistic, 3d render, soft gradients, drop shadow, busy background, clutter, low contrast"
stag__insider,Stag,insider,"bold flat vector illustration, a clean technical diagram only a stag enthusiast would recognise, thick confident linework, limited palette of four flat spot colours on black, high contrast, screen-print separation, strong silhouette readable at arm's length, centred composition, isolated on solid black, no text, no lettering, no watermark, no gradient mesh, t-shirt graphic","text, letters, words, watermark, signature, photorealistic, 3d render, soft gradients, drop shadow, busy background, clutter, low contrast"
stag__mosaic,Stag,mosaic,"bold flat vector illustration, many small stag silhouettes massed to form a large skull, thick confident linework, limited palette of four flat spot colours on black, high contrast, screen-print separation, strong silhouette readable at arm's length, centred composition, isolated on solid black, no text, no lettering, no watermark, no gradient mesh, t-shirt graphic","text, letters, words, watermark, signature, photorealistic, 3d render, soft gradients, drop shadow, busy background, clutter, low contrast"
stag__mosaic__at_sunset,Stag,mosaic_scene,"bold flat vector illustration, a stag's head with full antlers, at sunset, thick confident linework, limited palette of four flat spot colours on black, high contrast, screen-print separation, strong silhouette readable at arm's length, centred composition, isolated on solid black, no text, no lettering, no watermark, no gradient mesh, t-shirt graphic","text, letters, words, watermark, signature, photorealistic, 3d render, soft gradients, drop shadow, busy background, clutter, low contrast"
stag__mosaic__in_a_storm,Stag,mosaic_scene,"bold flat vector illustration, a stag's head with full antlers, in a storm, thick confident linework, limited palette of four flat spot colours on black, high contrast, screen-print separation, strong silhouette readable at arm's length, centred composition, isolated on solid black, no text, no lettering, no watermark, no gradient mesh, t-shirt graphic","text, letters, words, watermark, signature, photorealistic, 3d render, soft gradients, drop shadow, busy background, clutter, low contrast"
stag__mosaic__on_a_mountain,Stag,mosaic_scene,"bold flat vector illustration, a stag's head with full antlers, on a mountain, thick confident linework, limited palette of four flat spot colours on black, high contrast, screen-print separation, strong silhouette readable at arm's length, centred composition, isolated on solid black, no text, no lettering, no watermark, no gradient mesh, t-shirt graphic","text, letters, words, watermark, signature, photorealistic, 3d render, soft gradients, drop shadow, busy background, clutter, low contrast"
stag__mosaic__by_the_coast,Stag,mosaic_scene,"bold flat vector illustration, a stag's head with full antlers, by the coast, thick confident linework, limited palette of four flat spot colours on black, high contrast, screen-print separation, strong silhouette readable at arm's length, centred composition, isolated on solid black, no text, no lettering, no watermark, no gradient mesh, t-shirt graphic","text, letters, words, watermark, signature, photorealistic, 3d render, soft gradients, drop shadow, busy background, clutter, low contrast"
stag__mosaic__in_the_fog,Stag,mosaic_scene,"bold flat vector illustration, a stag's head with full antlers, in the fog, thick confident linework, limited palette of four flat spot colours on black, high contrast, screen-print separation, strong silhouette readable at arm's length, centred composition, isolated on solid black, no text, no lettering, no watermark, no gradient mesh, t-shirt graphic","text, letters, words, watermark, signature, photorealistic, 3d render, soft gradients, drop shadow, busy background, clutter, low contrast"
stag__mosaic__at_dawn,Stag,mosaic_scene,"bold flat vector illustration, a stag's head with full antlers, at dawn, thick confident linework, limited palette of four flat spot colours on black, high contrast, screen-print separation, strong silhouette readable at arm's length, centred composition, isolated on solid black, no text, no lettering, no watermark, no gradient mesh, t-shirt graphic","text, letters, words, watermark, signature, photorealistic, 3d render, soft gradients, drop shadow, busy background, clutter, low contrast"
stag__evolution,Stag,evolution,"bold flat vector illustration, four-stage silhouette progression from child to adult ending with a stag's head with full antlers, thick confident linework, limited palette of four flat spot colours on black, high contrast, screen-print separation, strong silhouette readable at arm's length, centred composition, isolated on solid black, no text, no lettering, no watermark, no gradient mesh, t-shirt graphic","text, letters, words, watermark, signature, photorealistic, 3d render, soft gradients, drop shadow, busy background, clutter, low contrast"
tiger__hero,Tiger,hero,"bold flat vector illustration, a tiger's head facing forward, intense, thick confident linework, limited palette of four flat spot colours on black, high contrast, screen-print separation, strong silhouette readable at arm's length, centred composition, isolated on solid black, no text, no lettering, no watermark, no gradient mesh, t-shirt graphic","text, letters, words, watermark, signature, photorealistic, 3d render, soft gradients, drop shadow, busy background, clutter, low contrast"
tiger__hero__at_sunset,Tiger,hero_scene,"bold flat vector illustration, a tiger's head facing forward, intense, at sunset, thick confident linework, limited palette of four flat spot colours on black, high contrast, screen-print separation, strong silhouette readable at arm's length, centred composition, isolated on solid black, no text, no lettering, no watermark, no gradient mesh, t-shirt graphic","text, letters, words, watermark, signature, photorealistic, 3d render, soft gradients, drop shadow, busy background, clutter, low contrast"
tiger__hero__in_a_storm,Tiger,hero_scene,"bold flat vector illustration, a tiger's head facing forward, intense, in a storm, thick confident linework, limited palette of four flat spot colours on black, high contrast, screen-print separation, strong silhouette readable at arm's length, centred composition, isolated on solid black, no text, no lettering, no watermark, no gradient mesh, t-shirt graphic","text, letters, words, watermark, signature, photorealistic, 3d render, soft gradients, drop shadow, busy background, clutter, low contrast"
tiger__hero__on_a_mountain,Tiger,hero_scene,"bold flat vector illustration, a tiger's head facing forward, intense, on a mountain, thick confident linework, limited palette of four flat spot colours on black, high contrast, screen-print separation, strong silhouette readable at arm's length, centred composition, isolated on solid black, no text, no lettering, no watermark, no gradient mesh, t-shirt graphic","text, letters, words, watermark, signature, photorealistic, 3d render, soft gradients, drop shadow, busy background, clutter, low contrast"
tiger__hero__by_the_coast,Tiger,hero_scene,"bold flat vector illustration, a tiger's head facing forward, intense, by the coast, thick confident linework, limited palette of four flat spot colours on black, high contrast, screen-print separation, strong silhouette readable at arm's length, centred composition, isolated on solid black, no text, no lettering, no watermark, no gradient mesh, t-shirt graphic","text, letters, words, watermark, signature, photorealistic, 3d render, soft gradients, drop shadow, busy background, clutter, low contrast"
tiger__hero__in_the_fog,Tiger,hero_scene,"bold flat vector illustration, a tiger's head facing forward, intense, in the fog, thick confident linework, limited palette of four flat spot colours on black, high contrast, screen-print separation, strong silhouette readable at arm's length, centred composition, isolated on solid black, no text, no lettering, no watermark, no gradient mesh, t-shirt graphic","text, letters, words, watermark, signature, photorealistic, 3d render, soft gradients, drop shadow, busy background, clutter, low contrast"
tiger__hero__at_dawn,Tiger,hero_scene,"bold flat vector illustration, a tiger's head facing forward, intense, at dawn, thick confident linework, limited palette of four flat spot colours on black, high contrast, screen-print separation, strong silhouette readable at arm's length, centred composition, isolated on solid black, no text, no lettering, no watermark, no gradient mesh, t-shirt graphic","text, letters, words, watermark, signature, photorealistic, 3d render, soft gradients, drop shadow, busy background, clutter, low contrast"
tiger__insider,Tiger,insider,"bold flat vector illustration, a clean technical diagram only a tiger enthusiast would recognise, thick confident linework, limited palette of four flat spot colours on black, high contrast, screen-print separation, strong silhouette readable at arm's length, centred composition, isolated on solid black, no text, no lettering, no watermark, no gradient mesh, t-shirt graphic","text, letters, words, watermark, signature, photorealistic, 3d render, soft gradients, drop shadow, busy background, clutter, low contrast"
tiger__mosaic,Tiger,mosaic,"bold flat vector illustration, many small tiger silhouettes massed to form a large skull, thick confident linework, limited palette of four flat spot colours on black, high contrast, screen-print separation, strong silhouette readable at arm's length, centred composition, isolated on solid black, no text, no lettering, no watermark, no gradient mesh, t-shirt graphic","text, letters, words, watermark, signature, photorealistic, 3d render, soft gradients, drop shadow, busy background, clutter, low contrast"
tiger__mosaic__at_sunset,Tiger,mosaic_scene,"bold flat vector illustration, a tiger's head facing forward, intense, at sunset, thick confident linework, limited palette of four flat spot colours on black, high contrast, screen-print separation, strong silhouette readable at arm's length, centred composition, isolated on solid black, no text, no lettering, no watermark, no gradient mesh, t-shirt graphic","text, letters, words, watermark, signature, photorealistic, 3d render, soft gradients, drop shadow, busy background, clutter, low contrast"
tiger__mosaic__in_a_storm,Tiger,mosaic_scene,"bold flat vector illustration, a tiger's head facing forward, intense, in a storm, thick confident linework, limited palette of four flat spot colours on black, high contrast, screen-print separation, strong silhouette readable at arm's length, centred composition, isolated on solid black, no text, no lettering, no watermark, no gradient mesh, t-shirt graphic","text, letters, words, watermark, signature, photorealistic, 3d render, soft gradients, drop shadow, busy background, clutter, low contrast"
tiger__mosaic__on_a_mountain,Tiger,mosaic_scene,"bold flat vector illustration, a tiger's head facing forward, intense, on a mountain, thick confident linework, limited palette of four flat spot colours on black, high contrast, screen-print separation, strong silhouette readable at arm's length, centred composition, isolated on solid black, no text, no lettering, no watermark, no gradient mesh, t-shirt graphic","text, letters, words, watermark, signature, photorealistic, 3d render, soft gradients, drop shadow, busy background, clutter, low contrast"
tiger__mosaic__by_the_coast,Tiger,mosaic_scene,"bold flat vector illustration, a tiger's head facing forward, intense, by the coast, thick confident linework, limited palette of four flat spot colours on black, high contrast, screen-print separation, strong silhouette readable at arm's length, centred composition, isolated on solid black, no text, no lettering, no watermark, no gradient mesh, t-shirt graphic","text, letters, words, watermark, signature, photorealistic, 3d render, soft gradients, drop shadow, busy background, clutter, low contrast"
tiger__mosaic__in_the_fog,Tiger,mosaic_scene,"bold flat vector illustration, a tiger's head facing forward, intense, in the fog, thick confident linework, limited palette of four flat spot colours on black, high contrast, screen-print separation, strong silhouette readable at arm's length, centred composition, isolated on solid black, no text, no lettering, no watermark, no gradient mesh, t-shirt graphic","text, letters, words, watermark, signature, photorealistic, 3d render, soft gradients, drop shadow, busy background, clutter, low contrast"
tiger__mosaic__at_dawn,Tiger,mosaic_scene,"bold flat vector illustration, a tiger's head facing forward, intense, at dawn, thick confident linework, limited palette of four flat spot colours on black, high contrast, screen-print separation, strong silhouette readable at arm's length, centred composition, isolated on solid black, no text, no lettering, no watermark, no gradient mesh, t-shirt graphic","text, letters, words, watermark, signature, photorealistic, 3d render, soft gradients, drop shadow, busy background, clutter, low contrast"
tiger__evolution,Tiger,evolution,"bold flat vector illustration, four-stage silhouette progression from child to adult ending with a tiger's head facing forward, intense, thick confident linework, limited palette of four flat spot colours on black, high contrast, screen-print separation, strong silhouette readable at arm's length, centred composition, isolated on solid black, no text, no lettering, no watermark, no gradient mesh, t-shirt graphic","text, letters, words, watermark, signature, photorealistic, 3d render, soft gradients, drop shadow, busy background, clutter, low contrast"
lion__hero,Lion,hero,"bold flat vector illustration, a lion's head with full mane, thick confident linework, limited palette of four flat spot colours on black, high contrast, screen-print separation, strong silhouette readable at arm's length, centred composition, isolated on solid black, no text, no lettering, no watermark, no gradient mesh, t-shirt graphic","text, letters, words, watermark, signature, photorealistic, 3d render, soft gradients, drop shadow, busy background, clutter, low contrast"
lion__hero__at_sunset,Lion,hero_scene,"bold flat vector illustration, a lion's head with full mane, at sunset, thick confident linework, limited palette of four flat spot colours on black, high contrast, screen-print separation, strong silhouette readable at arm's length, centred composition, isolated on solid black, no text, no lettering, no watermark, no gradient mesh, t-shirt graphic","text, letters, words, watermark, signature, photorealistic, 3d render, soft gradients, drop shadow, busy background, clutter, low contrast"
lion__hero__in_a_storm,Lion,hero_scene,"bold flat vector illustration, a lion's head with full mane, in a storm, thick confident linework, limited palette of four flat spot colours on black, high contrast, screen-print separation, strong silhouette readable at arm's length, centred composition, isolated on solid black, no text, no lettering, no watermark, no gradient mesh, t-shirt graphic","text, letters, words, watermark, signature, photorealistic, 3d render, soft gradients, drop shadow, busy background, clutter, low contrast"
lion__hero__on_a_mountain,Lion,hero_scene,"bold flat vector illustration, a lion's head with full mane, on a mountain, thick confident linework, limited palette of four flat spot colours on black, high contrast, screen-print separation, strong silhouette readable at arm's length, centred composition, isolated on solid black, no text, no lettering, no watermark, no gradient mesh, t-shirt graphic","text, letters, words, watermark, signature, photorealistic, 3d render, soft gradients, drop shadow, busy background, clutter, low contrast"
lion__hero__by_the_coast,Lion,hero_scene,"bold flat vector illustration, a lion's head with full mane, by the coast, thick confident linework, limited palette of four flat spot colours on black, high contrast, screen-print separation, strong silhouette readable at arm's length, centred composition, isolated on solid black, no text, no lettering, no watermark, no gradient mesh, t-shirt graphic","text, letters, words, watermark, signature, photorealistic, 3d render, soft gradients, drop shadow, busy background, clutter, low contrast"
lion__hero__in_the_fog,Lion,hero_scene,"bold flat vector illustration, a lion's head with full mane, in the fog, thick confident linework, limited palette of four flat spot colours on black, high contrast, screen-print separation, strong silhouette readable at arm's length, centred composition, isolated on solid black, no text, no lettering, no watermark, no gradient mesh, t-shirt graphic","text, letters, words, watermark, signature, photorealistic, 3d render, soft gradients, drop shadow, busy background, clutter, low contrast"
lion__hero__at_dawn,Lion,hero_scene,"bold flat vector illustration, a lion's head with full mane, at dawn, thick confident linework, limited palette of four flat spot colours on black, high contrast, screen-print separation, strong silhouette readable at arm's length, centred composition, isolated on solid black, no text, no lettering, no watermark, no gradient mesh, t-shirt graphic","text, letters, words, watermark, signature, photorealistic, 3d render, soft gradients, drop shadow, busy background, clutter, low contrast"
lion__insider,Lion,insider,"bold flat vector illustration, a clean technical diagram only a lion enthusiast would recognise, thick confident linework, limited palette of four flat spot colours on black, high contrast, screen-print separation, strong silhouette readable at arm's length, centred composition, isolated on solid black, no text, no lettering, no watermark, no gradient mesh, t-shirt graphic","text, letters, words, watermark, signature, photorealistic, 3d render, soft gradients, drop shadow, busy background, clutter, low contrast"
lion__mosaic,Lion,mosaic,"bold flat vector illustration, many small lion silhouettes massed to form a large skull, thick confident linework, limited palette of four flat spot colours on black, high contrast, screen-print separation, strong silhouette readable at arm's length, centred composition, isolated on solid black, no text, no lettering, no watermark, no gradient mesh, t-shirt graphic","text, letters, words, watermark, signature, photorealistic, 3d render, soft gradients, drop shadow, busy background, clutter, low contrast"
lion__mosaic__at_sunset,Lion,mosaic_scene,"bold flat vector illustration, a lion's head with full mane, at sunset, thick confident linework, limited palette of four flat spot colours on black, high contrast, screen-print separation, strong silhouette readable at arm's length, centred composition, isolated on solid black, no text, no lettering, no watermark, no gradient mesh, t-shirt graphic","text, letters, words, watermark, signature, photorealistic, 3d render, soft gradients, drop shadow, busy background, clutter, low contrast"
lion__mosaic__in_a_storm,Lion,mosaic_scene,"bold flat vector illustration, a lion's head with full mane, in a storm, thick confident linework, limited palette of four flat spot colours on black, high contrast, screen-print separation, strong silhouette readable at arm's length, centred composition, isolated on solid black, no text, no lettering, no watermark, no gradient mesh, t-shirt graphic","text, letters, words, watermark, signature, photorealistic, 3d render, soft gradients, drop shadow, busy background, clutter, low contrast"
lion__mosaic__on_a_mountain,Lion,mosaic_scene,"bold flat vector illustration, a lion's head with full mane, on a mountain, thick confident linework, limited palette of four flat spot colours on black, high contrast, screen-print separation, strong silhouette readable at arm's length, centred composition, isolated on solid black, no text, no lettering, no watermark, no gradient mesh, t-shirt graphic","text, letters, words, watermark, signature, photorealistic, 3d render, soft gradients, drop shadow, busy background, clutter, low contrast"
lion__mosaic__by_the_coast,Lion,mosaic_scene,"bold flat vector illustration, a lion's head with full mane, by the coast, thick confident linework, limited palette of four flat spot colours on black, high contrast, screen-print separation, strong silhouette readable at arm's length, centred composition, isolated on solid black, no text, no lettering, no watermark, no gradient mesh, t-shirt graphic","text, letters, words, watermark, signature, photorealistic, 3d render, soft gradients, drop shadow, busy background, clutter, low contrast"
lion__mosaic__in_the_fog,Lion,mosaic_scene,"bold flat vector illustration, a lion's head with full mane, in the fog, thick confident linework, limited palette of four flat spot colours on black, high contrast, screen-print separation, strong silhouette readable at arm's length, centred composition, isolated on solid black, no text, no lettering, no watermark, no gradient mesh, t-shirt graphic","text, letters, words, watermark, signature, photorealistic, 3d render, soft gradients, drop shadow, busy background, clutter, low contrast"
lion__mosaic__at_dawn,Lion,mosaic_scene,"bold flat vector illustration, a lion's head with full mane, at dawn, thick confident linework, limited palette of four flat spot colours on black, high contrast, screen-print separation, strong silhouette readable at arm's length, centred composition, isolated on solid black, no text, no lettering, no watermark, no gradient mesh, t-shirt graphic","text, letters, words, watermark, signature, photorealistic, 3d render, soft gradients, drop shadow, busy background, clutter, low contrast"
lion__evolution,Lion,evolution,"bold flat vector illustration, four-stage silhouette progression from child to adult ending with a lion's head with full mane, thick confident linework, limited palette of four flat spot colours on black, high contrast, screen-print separation, strong silhouette readable at arm's length, centred composition, isolated on solid black, no text, no lettering, no watermark, no gradient mesh, t-shirt graphic","text, letters, words, watermark, signature, photorealistic, 3d render, soft gradients, drop shadow, busy background, clutter, low contrast"
wolf__hero,Wolf,hero,"bold flat vector illustration, a howling wolf against a moon, thick confident linework, limited palette of four flat spot colours on black, high contrast, screen-print separation, strong silhouette readable at arm's length, centred composition, isolated on solid black, no text, no lettering, no watermark, no gradient mesh, t-shirt graphic","text, letters, words, watermark, signature, photorealistic, 3d render, soft gradients, drop shadow, busy background, clutter, low contrast"
wolf__insider,Wolf,insider,"bold flat vector illustration, a clean technical diagram only a wolf enthusiast would recognise, thick confident linework, limited palette of four flat spot colours on black, high contrast, screen-print separation, strong silhouette readable at arm's length, centred composition, isolated on solid black, no text, no lettering, no watermark, no gradient mesh, t-shirt graphic","text, letters, words, watermark, signature, photorealistic, 3d render, soft gradients, drop shadow, busy background, clutter, low contrast"
wolf__mosaic,Wolf,mosaic,"bold flat vector illustration, many small wolf silhouettes massed to form a large skull, thick confident linework, limited palette of four flat spot colours on black, high contrast, screen-print separation, strong silhouette readable at arm's length, centred composition, isolated on solid black, no text, no lettering, no watermark, no gradient mesh, t-shirt graphic","text, letters, words, watermark, signature, photorealistic, 3d render, soft gradients, drop shadow, busy background, clutter, low contrast"
wolf__evolution,Wolf,evolution,"bold flat vector illustration, four-stage silhouette progression from child to adult ending with a howling wolf against a moon, thick confident linework, limited palette of four flat spot colours on black, high contrast, screen-print separation, strong silhouette readable at arm's length, centred composition, isolated on solid black, no text, no lettering, no watermark, no gradient mesh, t-shirt graphic","text, letters, words, watermark, signature, photorealistic, 3d render, soft gradients, drop shadow, busy background, clutter, low contrast"
gorilla__hero,Gorilla,hero,"bold flat vector illustration, a silverback gorilla's head, thick confident linework, limited palette of four flat spot colours on black, high contrast, screen-print separation, strong silhouette readable at arm's length, centred composition, isolated on solid black, no text, no lettering, no watermark, no gradient mesh, t-shirt graphic","text, letters, words, watermark, signature, photorealistic, 3d render, soft gradients, drop shadow, busy background, clutter, low contrast"
gorilla__hero__at_sunset,Gorilla,hero_scene,"bold flat vector illustration, a silverback gorilla's head, at sunset, thick confident linework, limited palette of four flat spot colours on black, high contrast, screen-print separation, strong silhouette readable at arm's length, centred composition, isolated on solid black, no text, no lettering, no watermark, no gradient mesh, t-shirt graphic","text, letters, words, watermark, signature, photorealistic, 3d render, soft gradients, drop shadow, busy background, clutter, low contrast"
gorilla__hero__in_a_storm,Gorilla,hero_scene,"bold flat vector illustration, a silverback gorilla's head, in a storm, thick confident linework, limited palette of four flat spot colours on black, high contrast, screen-print separation, strong silhouette readable at arm's length, centred composition, isolated on solid black, no text, no lettering, no watermark, no gradient mesh, t-shirt graphic","text, letters, words, watermark, signature, photorealistic, 3d render, soft gradients, drop shadow, busy background, clutter, low contrast"
gorilla__hero__on_a_mountain,Gorilla,hero_scene,"bold flat vector illustration, a silverback gorilla's head, on a mountain, thick confident linework, limited palette of four flat spot colours on black, high contrast, screen-print separation, strong silhouette readable at arm's length, centred composition, isolated on solid black, no text, no lettering, no watermark, no gradient mesh, t-shirt graphic","text, letters, words, watermark, signature, photorealistic, 3d render, soft gradients, drop shadow, busy background, clutter, low contrast"
gorilla__hero__by_the_coast,Gorilla,hero_scene,"bold flat vector illustration, a silverback gorilla's head, by the coast, thick confident linework, limited palette of four flat spot colours on black, high contrast, screen-print separation, strong silhouette readable at arm's length, centred composition, isolated on solid black, no text, no lettering, no watermark, no gradient mesh, t-shirt graphic","text, letters, words, watermark, signature, photorealistic, 3d render, soft gradients, drop shadow, busy background, clutter, low contrast"
gorilla__hero__in_the_fog,Gorilla,hero_scene,"bold flat vector illustration, a silverback gorilla's head, in the fog, thick confident linework, limited palette of four flat spot colours on black, high contrast, screen-print separation, strong silhouette readable at arm's length, centred composition, isolated on solid black, no text, no lettering, no watermark, no gradient mesh, t-shirt graphic","text, letters, words, watermark, signature, photorealistic, 3d render, soft gradients, drop shadow, busy background, clutter, low contrast"
gorilla__hero__at_dawn,Gorilla,hero_scene,"bold flat vector illustration, a silverback gorilla's head, at dawn, thick confident linework, limited palette of four flat spot colours on black, high contrast, screen-print separation, strong silhouette readable at arm's length, centred composition, isolated on solid black, no text, no lettering, no watermark, no gradient mesh, t-shirt graphic","text, letters, words, watermark, signature, photorealistic, 3d render, soft gradients, drop shadow, busy background, clutter, low contrast"
gorilla__insider,Gorilla,insider,"bold flat vector illustration, a clean technical diagram only a gorilla enthusiast would recognise, thick confident linework, limited palette of four flat spot colours on black, high contrast, screen-print separation, strong silhouette readable at arm's length, centred composition, isolated on solid black, no text, no lettering, no watermark, no gradient mesh, t-shirt graphic","text, letters, words, watermark, signature, photorealistic, 3d render, soft gradients, drop shadow, busy background, clutter, low contrast"
gorilla__mosaic,Gorilla,mosaic,"bold flat vector illustration, many small gorilla silhouettes massed to form a large skull, thick confident linework, limited palette of four flat spot colours on black, high contrast, screen-print separation, strong silhouette readable at arm's length, centred composition, isolated on solid black, no text, no lettering, no watermark, no gradient mesh, t-shirt graphic","text, letters, words, watermark, signature, photorealistic, 3d render, soft gradients, drop shadow, busy background, clutter, low contrast"
gorilla__mosaic__at_sunset,Gorilla,mosaic_scene,"bold flat vector illustration, a silverback gorilla's head, at sunset, thick confident linework, limited palette of four flat spot colours on black, high contrast, screen-print separation, strong silhouette readable at arm's length, centred composition, isolated on solid black, no text, no lettering, no watermark, no gradient mesh, t-shirt graphic","text, letters, words, watermark, signature, photorealistic, 3d render, soft gradients, drop shadow, busy background, clutter, low contrast"
gorilla__mosaic__in_a_storm,Gorilla,mosaic_scene,"bold flat vector illustration, a silverback gorilla's head, in a storm, thick confident linework, limited palette of four flat spot colours on black, high contrast, screen-print separation, strong silhouette readable at arm's length, centred composition, isolated on solid black, no text, no lettering, no watermark, no gradient mesh, t-shirt graphic","text, letters, words, watermark, signature, photorealistic, 3d render, soft gradients, drop shadow, busy background, clutter, low contrast"
gorilla__mosaic__on_a_mountain,Gorilla,mosaic_scene,"bold flat vector illustration, a silverback gorilla's head, on a mountain, thick confident linework, limited palette of four flat spot colours on black, high contrast, screen-print separation, strong silhouette readable at arm's length, centred composition, isolated on solid black, no text, no lettering, no watermark, no gradient mesh, t-shirt graphic","text, letters, words, watermark, signature, photorealistic, 3d render, soft gradients, drop shadow, busy background, clutter, low contrast"
gorilla__mosaic__by_the_coast,Gorilla,mosaic_scene,"bold flat vector illustration, a silverback gorilla's head, by the coast, thick confident linework, limited palette of four flat spot colours on black, high contrast, screen-print separation, strong silhouette readable at arm's length, centred composition, isolated on solid black, no text, no lettering, no watermark, no gradient mesh, t-shirt graphic","text, letters, words, watermark, signature, photorealistic, 3d render, soft gradients, drop shadow, busy background, clutter, low contrast"
gorilla__mosaic__in_the_fog,Gorilla,mosaic_scene,"bold flat vector illustration, a silverback gorilla's head, in the fog, thick confident linework, limited palette of four flat spot colours on black, high contrast, screen-print separation, strong silhouette readable at arm's length, centred composition, isolated on solid black, no text, no lettering, no watermark, no gradient mesh, t-shirt graphic","text, letters, words, watermark, signature, photorealistic, 3d render, soft gradients, drop shadow, busy background, clutter, low contrast"
gorilla__mosaic__at_dawn,Gorilla,mosaic_scene,"bold flat vector illustration, a silverback gorilla's head, at dawn, thick confident linework, limited palette of four flat spot colours on black, high contrast, screen-print separation, strong silhouette readable at arm's length, centred composition, isolated on solid black, no text, no lettering, no watermark, no gradient mesh, t-shirt graphic","text, letters, words, watermark, signature, photorealistic, 3d render, soft gradients, drop shadow, busy background, clutter, low contrast"
gorilla__evolution,Gorilla,evolution,"bold flat vector illustration, four-stage silhouette progression from child to adult ending with a silverback gorilla's head, thick confident linework, limited palette of four flat spot colours on black, high contrast, screen-print separation, strong silhouette readable at arm's length, centred composition, isolated on solid black, no text, no lettering, no watermark, no gradient mesh, t-shirt graphic","text, letters, words, watermark, signature, photorealistic, 3d render, soft gradients, drop shadow, busy background, clutter, low contrast"
bear__hero,Bear,hero,"bold flat vector illustration, a grizzly bear's head roaring, thick confident linework, limited palette of four flat spot colours on black, high contrast, screen-print separation, strong silhouette readable at arm's length, centred composition, isolated on solid black, no text, no lettering, no watermark, no gradient mesh, t-shirt graphic","text, letters, words, watermark, signature, photorealistic, 3d render, soft gradients, drop shadow, busy background, clutter, low contrast"
bear__insider,Bear,insider,"bold flat vector illustration, a clean technical diagram only a bear enthusiast would recognise, thick confident linework, limited palette of four flat spot colours on black, high contrast, screen-print separation, strong silhouette readable at arm's length, centred composition, isolated on solid black, no text, no lettering, no watermark, no gradient mesh, t-shirt graphic","text, letters, words, watermark, signature, photorealistic, 3d render, soft gradients, drop shadow, busy background, clutter, low contrast"
bear__mosaic,Bear,mosaic,"bold flat vector illustration, many small bear silhouettes massed to form a large skull, thick confident linework, limited palette of four flat spot colours on black, high contrast, screen-print separation, strong silhouette readable at arm's length, centred composition, isolated on solid black, no text, no lettering, no watermark, no gradient mesh, t-shirt graphic","text, letters, words, watermark, signature, photorealistic, 3d render, soft gradients, drop shadow, busy background, clutter, low contrast"
bear__evolution,Bear,evolution,"bold flat vector illustration, four-stage silhouette progression from child to adult ending with a grizzly bear's head roaring, thick confident linework, limited palette of four flat spot colours on black, high contrast, screen-print separation, strong silhouette readable at arm's length, centred composition, isolated on solid black, no text, no lettering, no watermark, no gradient mesh, t-shirt graphic","text, letters, words, watermark, signature, photorealistic, 3d render, soft gradients, drop shadow, busy background, clutter, low contrast"
highland_cow__hero,Highland Cow,hero,"bold flat vector illustration, a highland cow's shaggy head, thick confident linework, limited palette of four flat spot colours on black, high contrast, screen-print separation, strong silhouette readable at arm's length, centred composition, isolated on solid black, no text, no lettering, no watermark, no gradient mesh, t-shirt graphic","text, letters, words, watermark, signature, photorealistic, 3d render, soft gradients, drop shadow, busy background, clutter, low contrast"
highland_cow__insider,Highland Cow,insider,"bold flat vector illustration, a clean technical diagram only a highland cow enthusiast would recognise, thick confident linework, limited palette of four flat spot colours on black, high contrast, screen-print separation, strong silhouette readable at arm's length, centred composition, isolated on solid black, no text, no lettering, no watermark, no gradient mesh, t-shirt graphic","text, letters, words, watermark, signature, photorealistic, 3d render, soft gradients, drop shadow, busy background, clutter, low contrast"
highland_cow__mosaic,Highland Cow,mosaic,"bold flat vector illustration, many small highland cow silhouettes massed to form a large skull, thick confident linework, limited palette of four flat spot colours on black, high contrast, screen-print separation, strong silhouette readable at arm's length, centred composition, isolated on solid black, no text, no lettering, no watermark, no gradient mesh, t-shirt graphic","text, letters, words, watermark, signature, photorealistic, 3d render, soft gradients, drop shadow, busy background, clutter, low contrast"
highland_cow__evolution,Highland Cow,evolution,"bold flat vector illustration, four-stage silhouette progression from child to adult ending with a highland cow's shaggy head, thick confident linework, limited palette of four flat spot colours on black, high contrast, screen-print separation, strong silhouette readable at arm's length, centred composition, isolated on solid black, no text, no lettering, no watermark, no gradient mesh, t-shirt graphic","text, letters, words, watermark, signature, photorealistic, 3d render, soft gradients, drop shadow, busy background, clutter, low contrast"
octopus__hero,Octopus,hero,"bold flat vector illustration, an octopus with curling tentacles, thick confident linework, limited palette of four flat spot colours on black, high contrast, screen-print separation, strong silhouette readable at arm's length, centred composition, isolated on solid black, no text, no lettering, no watermark, no gradient mesh, t-shirt graphic","text, letters, words, watermark, signature, photorealistic, 3d render, soft gradients, drop shadow, busy background, clutter, low contrast"
octopus__insider,Octopus,insider,"bold flat vector illustration, a clean technical diagram only a octopus enthusiast would recognise, thick confident linework, limited palette of four flat spot colours on black, high contrast, screen-print separation, strong silhouette readable at arm's length, centred composition, isolated on solid black, no text, no lettering, no watermark, no gradient mesh, t-shirt graphic","text, letters, words, watermark, signature, photorealistic, 3d render, soft gradients, drop shadow, busy background, clutter, low contrast"
octopus__mosaic,Octopus,mosaic,"bold flat vector illustration, many small octopus silhouettes massed to form a large skull, thick confident linework, limited palette of four flat spot colours on black, high contrast, screen-print separation, strong silhouette readable at arm's length, centred composition, isolated on solid black, no text, no lettering, no watermark, no gradient mesh, t-shirt graphic","text, letters, words, watermark, signature, photorealistic, 3d render, soft gradients, drop shadow, busy background, clutter, low contrast"
octopus__evolution,Octopus,evolution,"bold flat vector illustration, four-stage silhouette progression from child to adult ending with an octopus with curling tentacles, thick confident linework, limited palette of four flat spot colours on black, high contrast, screen-print separation, strong silhouette readable at arm's length, centred composition, isolated on solid black, no text, no lettering, no watermark, no gradient mesh, t-shirt graphic","text, letters, words, watermark, signature, photorealistic, 3d render, soft gradients, drop shadow, busy background, clutter, low contrast"
shark__hero,Shark,hero,"bold flat vector illustration, a great white shark rising, thick confident linework, limited palette of four flat spot colours on black, high contrast, screen-print separation, strong silhouette readable at arm's length, centred composition, isolated on solid black, no text, no lettering, no watermark, no gradient mesh, t-shirt graphic","text, letters, words, watermark, signature, photorealistic, 3d render, soft gradients, drop shadow, busy background, clutter, low contrast"
shark__insider,Shark,insider,"bold flat vector illustration, a clean technical diagram only a shark enthusiast would recognise, thick confident linework, limited palette of four flat spot colours on black, high contrast, screen-print separation, strong silhouette readable at arm's length, centred composition, isolated on solid black, no text, no lettering, no watermark, no gradient mesh, t-shirt graphic","text, letters, words, watermark, signature, photorealistic, 3d render, soft gradients, drop shadow, busy background, clutter, low contrast"
shark__mosaic,Shark,mosaic,"bold flat vector illustration, many small shark silhouettes massed to form a large skull, thick confident linework, limited palette of four flat spot colours on black, high contrast, screen-print separation, strong silhouette readable at arm's length, centred composition, isolated on solid black, no text, no lettering, no watermark, no gradient mesh, t-shirt graphic","text, letters, words, watermark, signature, photorealistic, 3d render, soft gradients, drop shadow, busy background, clutter, low contrast"
shark__evolution,Shark,evolution,"bold flat vector illustration, four-stage silhouette progression from child to adult ending with a great white shark rising, thick confident linework, limited palette of four flat spot colours on black, high contrast, screen-print separation, strong silhouette readable at arm's length, centred composition, isolated on solid black, no text, no lettering, no watermark, no gradient mesh, t-shirt graphic","text, letters, words, watermark, signature, photorealistic, 3d render, soft gradients, drop shadow, busy background, clutter, low contrast"
owl__hero,Owl,hero,"bold flat vector illustration, an owl's face, large eyes, thick confident linework, limited palette of four flat spot colours on black, high contrast, screen-print separation, strong silhouette readable at arm's length, centred composition, isolated on solid black, no text, no lettering, no watermark, no gradient mesh, t-shirt graphic","text, letters, words, watermark, signature, photorealistic, 3d render, soft gradients, drop shadow, busy background, clutter, low contrast"
owl__insider,Owl,insider,"bold flat vector illustration, a clean technical diagram only a owl enthusiast would recognise, thick confident linework, limited palette of four flat spot colours on black, high contrast, screen-print separation, strong silhouette readable at arm's length, centred composition, isolated on solid black, no text, no lettering, no watermark, no gradient mesh, t-shirt graphic","text, letters, words, watermark, signature, photorealistic, 3d render, soft gradients, drop shadow, busy background, clutter, low contrast"
owl__mosaic,Owl,mosaic,"bold flat vector illustration, many small owl silhouettes massed to form a large skull, thick confident linework, limited palette of four flat spot colours on black, high contrast, screen-print separation, strong silhouette readable at arm's length, centred composition, isolated on solid black, no text, no lettering, no watermark, no gradient mesh, t-shirt graphic","text, letters, words, watermark, signature, photorealistic, 3d render, soft gradients, drop shadow, busy background, clutter, low contrast"
owl__evolution,Owl,evolution,"bold flat vector illustration, four-stage silhouette progression from child to adult ending with an owl's face, large eyes, thick confident linework, limited palette of four flat spot colours on black, high contrast, screen-print separation, strong silhouette readable at arm's length, centred composition, isolated on solid black, no text, no lettering, no watermark, no gradient mesh, t-shirt graphic","text, letters, words, watermark, signature, photorealistic, 3d render, soft gradients, drop shadow, busy background, clutter, low contrast"
fox__hero,Fox,hero,"bold flat vector illustration, a fox's head in profile, thick confident linework, limited palette of four flat spot colours on black, high contrast, screen-print separation, strong silhouette readable at arm's length, centred composition, isolated on solid black, no text, no lettering, no watermark, no gradient mesh, t-shirt graphic","text, letters, words, watermark, signature, photorealistic, 3d render, soft gradients, drop shadow, busy background, clutter, low contrast"
fox__insider,Fox,insider,"bold flat vector illustration, a clean technical diagram only a fox enthusiast would recognise, thick confident linework, limited palette of four flat spot colours on black, high contrast, screen-print separation, strong silhouette readable at arm's length, centred composition, isolated on solid black, no text, no lettering, no watermark, no gradient mesh, t-shirt graphic","text, letters, words, watermark, signature, photorealistic, 3d render, soft gradients, drop shadow, busy background, clutter, low contrast"
fox__mosaic,Fox,mosaic,"bold flat vector illustration, many small fox silhouettes massed to form a large skull, thick confident linework, limited palette of four flat spot colours on black, high contrast, screen-print separation, strong silhouette readable at arm's length, centred composition, isolated on solid black, no text, no lettering, no watermark, no gradient mesh, t-shirt graphic","text, letters, words, watermark, signature, photorealistic, 3d render, soft gradients, drop shadow, busy background, clutter, low contrast"
fox__evolution,Fox,evolution,"bold flat vector illustration, four-stage silhouette progression from child to adult ending with a fox's head in profile, thick confident linework, limited palette of four flat spot colours on black, high contrast, screen-print separation, strong silhouette readable at arm's length, centred composition, isolated on solid black, no text, no lettering, no watermark, no gradient mesh, t-shirt graphic","text, letters, words, watermark, signature, photorealistic, 3d render, soft gradients, drop shadow, busy background, clutter, low contrast"
horse__hero,Horse,hero,"bold flat vector illustration, a galloping horse, mane flying, thick confident linework, limited palette of four flat spot colours on black, high contrast, screen-print separation, strong silhouette readable at arm's length, centred composition, isolated on solid black, no text, no lettering, no watermark, no gradient mesh, t-shirt graphic","text, letters, words, watermark, signature, photorealistic, 3d render, soft gradients, drop shadow, busy background, clutter, low contrast"
horse__insider,Horse,insider,"bold flat vector illustration, a clean technical diagram only a horse enthusiast would recognise, thick confident linework, limited palette of four flat spot colours on black, high contrast, screen-print separation, strong silhouette readable at arm's length, centred composition, isolated on solid black, no text, no lettering, no watermark, no gradient mesh, t-shirt graphic","text, letters, words, watermark, signature, photorealistic, 3d render, soft gradients, drop shadow, busy background, clutter, low contrast"
horse__mosaic,Horse,mosaic,"bold flat vector illustration, many small horse silhouettes massed to form a large skull, thick confident linework, limited palette of four flat spot colours on black, high contrast, screen-print separation, strong silhouette readable at arm's length, centred composition, isolated on solid black, no text, no lettering, no watermark, no gradient mesh, t-shirt graphic","text, letters, words, watermark, signature, photorealistic, 3d render, soft gradients, drop shadow, busy background, clutter, low contrast"
horse__evolution,Horse,evolution,"bold flat vector illustration, four-stage silhouette progression from child to adult ending with a galloping horse, mane flying, thick confident linework, limited palette of four flat spot colours on black, high contrast, screen-print separation, strong silhouette readable at arm's length, centred composition, isolated on solid black, no text, no lettering, no watermark, no gradient mesh, t-shirt graphic","text, letters, words, watermark, signature, photorealistic, 3d render, soft gradients, drop shadow, busy background, clutter, low contrast"
dog__hero,Dog,hero,"bold flat vector illustration, a dog's head, alert ears, thick confident linework, limited palette of four flat spot colours on black, high contrast, screen-print separation, strong silhouette readable at arm's length, centred composition, isolated on solid black, no text, no lettering, no watermark, no gradient mesh, t-shirt graphic","text, letters, words, watermark, signature, photorealistic, 3d render, soft gradients, drop shadow, busy background, clutter, low contrast"
dog__insider,Dog,insider,"bold flat vector illustration, a clean technical diagram only a dog enthusiast would recognise, thick confident linework, limited palette of four flat spot colours on black, high contrast, screen-print separation, strong silhouette readable at arm's length, centred composition, isolated on solid black, no text, no lettering, no watermark, no gradient mesh, t-shirt graphic","text, letters, words, watermark, signature, photorealistic, 3d render, soft gradients, drop shadow, busy background, clutter, low contrast"
dog__mosaic,Dog,mosaic,"bold flat vector illustration, many small dog silhouettes massed to form a large skull, thick confident linework, limited palette of four flat spot colours on black, high contrast, screen-print separation, strong silhouette readable at arm's length, centred composition, isolated on solid black, no text, no lettering, no watermark, no gradient mesh, t-shirt graphic","text, letters, words, watermark, signature, photorealistic, 3d render, soft gradients, drop shadow, busy background, clutter, low contrast"
dog__evolution,Dog,evolution,"bold flat vector illustration, four-stage silhouette progression from child to adult ending with a dog's head, alert ears, thick confident linework, limited palette of four flat spot colours on black, high contrast, screen-print separation, strong silhouette readable at arm's length, centred composition, isolated on solid black, no text, no lettering, no watermark, no gradient mesh, t-shirt graphic","text, letters, words, watermark, signature, photorealistic, 3d render, soft gradients, drop shadow, busy background, clutter, low contrast"
cat__hero,Cat,hero,"bold flat vector illustration, a cat's face, half-lidded eyes, thick confident linework, limited palette of four flat spot colours on black, high contrast, screen-print separation, strong silhouette readable at arm's length, centred composition, isolated on solid black, no text, no lettering, no watermark, no gradient mesh, t-shirt graphic","text, letters, words, watermark, signature, photorealistic, 3d render, soft gradients, drop shadow, busy background, clutter, low contrast"
cat__insider,Cat,insider,"bold flat vector illustration, a clean technical diagram only a cat enthusiast would recognise, thick confident linework, limited palette of four flat spot colours on black, high contrast, screen-print separation, strong silhouette readable at arm's length, centred composition, isolated on solid black, no text, no lettering, no watermark, no gradient mesh, t-shirt graphic","text, letters, words, watermark, signature, photorealistic, 3d render, soft gradients, drop shadow, busy background, clutter, low contrast"
cat__mosaic,Cat,mosaic,"bold flat vector illustration, many small cat silhouettes massed to form a large skull, thick confident linework, limited palette of four flat spot colours on black, high contrast, screen-print separation, strong silhouette readable at arm's length, centred composition, isolated on solid black, no text, no lettering, no watermark, no gradient mesh, t-shirt graphic","text, letters, words, watermark, signature, photorealistic, 3d render, soft gradients, drop shadow, busy background, clutter, low contrast"
cat__evolution,Cat,evolution,"bold flat vector illustration, four-stage silhouette progression from child to adult ending with a cat's face, half-lidded eyes, thick confident linework, limited palette of four flat spot colours on black, high contrast, screen-print separation, strong silhouette readable at arm's length, centred composition, isolated on solid black, no text, no lettering, no watermark, no gradient mesh, t-shirt graphic","text, letters, words, watermark, signature, photorealistic, 3d render, soft gradients, drop shadow, busy background, clutter, low contrast"
dragon__hero,Dragon,hero,"bold flat vector illustration, a coiled dragon breathing fire, thick confident linework, limited palette of four flat spot colours on black, high contrast, screen-print separation, strong silhouette readable at arm's length, centred composition, isolated on solid black, no text, no lettering, no watermark, no gradient mesh, t-shirt graphic","text, letters, words, watermark, signature, photorealistic, 3d render, soft gradients, drop shadow, busy background, clutter, low contrast"
dragon__insider,Dragon,insider,"bold flat vector illustration, a clean technical diagram only a dragon enthusiast would recognise, thick confident linework, limited palette of four flat spot colours on black, high contrast, screen-print separation, strong silhouette readable at arm's length, centred composition, isolated on solid black, no text, no lettering, no watermark, no gradient mesh, t-shirt graphic","text, letters, words, watermark, signature, photorealistic, 3d render, soft gradients, drop shadow, busy background, clutter, low contrast"
dragon__mosaic,Dragon,mosaic,"bold flat vector illustration, many small dragon silhouettes massed to form a large skull, thick confident linework, limited palette of four flat spot colours on black, high contrast, screen-print separation, strong silhouette readable at arm's length, centred composition, isolated on solid black, no text, no lettering, no watermark, no gradient mesh, t-shirt graphic","text, letters, words, watermark, signature, photorealistic, 3d render, soft gradients, drop shadow, busy background, clutter, low contrast"
dragon__evolution,Dragon,evolution,"bold flat vector illustration, four-stage silhouette progression from child to adult ending with a coiled dragon breathing fire, thick confident linework, limited palette of four flat spot colours on black, high contrast, screen-print separation, strong silhouette readable at arm's length, centred composition, isolated on solid black, no text, no lettering, no watermark, no gradient mesh, t-shirt graphic","text, letters, words, watermark, signature, photorealistic, 3d render, soft gradients, drop shadow, busy background, clutter, low contrast"
skull__hero,Skull,hero,"bold flat vector illustration, a detailed human skull, three-quarter, thick confident linework, limited palette of four flat spot colours on black, high contrast, screen-print separation, strong silhouette readable at arm's length, centred composition, isolated on solid black, no text, no lettering, no watermark, no gradient mesh, t-shirt graphic","text, letters, words, watermark, signature, photorealistic, 3d render, soft gradients, drop shadow, busy background, clutter, low contrast"
skull__insider,Skull,insider,"bold flat vector illustration, a clean technical diagram only a skull enthusiast would recognise, thick confident linework, limited palette of four flat spot colours on black, high contrast, screen-print separation, strong silhouette readable at arm's length, centred composition, isolated on solid black, no text, no lettering, no watermark, no gradient mesh, t-shirt graphic","text, letters, words, watermark, signature, photorealistic, 3d render, soft gradients, drop shadow, busy background, clutter, low contrast"
skull__mosaic,Skull,mosaic,"bold flat vector illustration, many small skull silhouettes massed to form a large skull, thick confident linework, limited palette of four flat spot colours on black, high contrast, screen-print separation, strong silhouette readable at arm's length, centred composition, isolated on solid black, no text, no lettering, no watermark, no gradient mesh, t-shirt graphic","text, letters, words, watermark, signature, photorealistic, 3d render, soft gradients, drop shadow, busy background, clutter, low contrast"
skull__evolution,Skull,evolution,"bold flat vector illustration, four-stage silhouette progression from child to adult ending with a detailed human skull, three-quarter, thick confident linework, limited palette of four flat spot colours on black, high contrast, screen-print separation, strong silhouette readable at arm's length, centred composition, isolated on solid black, no text, no lettering, no watermark, no gradient mesh, t-shirt graphic","text, letters, words, watermark, signature, photorealistic, 3d render, soft gradients, drop shadow, busy background, clutter, low contrast"
army__hero,Army,hero,"bold flat vector illustration, a pair of crossed rifles and a beret, thick confident linework, limited palette of four flat spot colours on black, high contrast, screen-print separation, strong silhouette readable at arm's length, centred composition, isolated on solid black, no text, no lettering, no watermark, no gradient mesh, t-shirt graphic","text, letters, words, watermark, signature, photorealistic, 3d render, soft gradients, drop shadow, busy background, clutter, low contrast"
army__insider,Army,insider,"bold flat vector illustration, a clean technical diagram only a army enthusiast would recognise, thick confident linework, limited palette of four flat spot colours on black, high contrast, screen-print separation, strong silhouette readable at arm's length, centred composition, isolated on solid black, no text, no lettering, no watermark, no gradient mesh, t-shirt graphic","text, letters, words, watermark, signature, photorealistic, 3d render, soft gradients, drop shadow, busy background, clutter, low contrast"
army__mosaic,Army,mosaic,"bold flat vector illustration, many small rifles silhouettes massed to form a large skull, thick confident linework, limited palette of four flat spot colours on black, high contrast, screen-print separation, strong silhouette readable at arm's length, centred composition, isolated on solid black, no text, no lettering, no watermark, no gradient mesh, t-shirt graphic","text, letters, words, watermark, signature, photorealistic, 3d render, soft gradients, drop shadow, busy background, clutter, low contrast"
army__evolution,Army,evolution,"bold flat vector illustration, four-stage silhouette progression from child to adult ending with a pair of crossed rifles and a beret, thick confident linework, limited palette of four flat spot colours on black, high contrast, screen-print separation, strong silhouette readable at arm's length, centred composition, isolated on solid black, no text, no lettering, no watermark, no gradient mesh, t-shirt graphic","text, letters, words, watermark, signature, photorealistic, 3d render, soft gradients, drop shadow, busy background, clutter, low contrast"
royal_navy__hero,Royal Navy,hero,"bold flat vector illustration, an anchor with rope, thick confident linework, limited palette of four flat spot colours on black, high contrast, screen-print separation, strong silhouette readable at arm's length, centred composition, isolated on solid black, no text, no lettering, no watermark, no gradient mesh, t-shirt graphic","text, letters, words, watermark, signature, photorealistic, 3d render, soft gradients, drop shadow, busy background, clutter, low contrast"
royal_navy__insider,Royal Navy,insider,"bold flat vector illustration, a clean technical diagram only a royal navy enthusiast would recognise, thick confident linework, limited palette of four flat spot colours on black, high contrast, screen-print separation, strong silhouette readable at arm's length, centred composition, isolated on solid black, no text, no lettering, no watermark, no gradient mesh, t-shirt graphic","text, letters, words, watermark, signature, photorealistic, 3d render, soft gradients, drop shadow, busy background, clutter, low contrast"
royal_navy__mosaic,Royal Navy,mosaic,"bold flat vector illustration, many small anchor silhouettes massed to form a large skull, thick confident linework, limited palette of four flat spot colours on black, high contrast, screen-print separation, strong silhouette readable at arm's length, centred composition, isolated on solid black, no text, no lettering, no watermark, no gradient mesh, t-shirt graphic","text, letters, words, watermark, signature, photorealistic, 3d render, soft gradients, drop shadow, busy background, clutter, low contrast"
royal_navy__evolution,Royal Navy,evolution,"bold flat vector illustration, four-stage silhouette progression from child to adult ending with an anchor with rope, thick confident linework, limited palette of four flat spot colours on black, high contrast, screen-print separation, strong silhouette readable at arm's length, centred composition, isolated on solid black, no text, no lettering, no watermark, no gradient mesh, t-shirt graphic","text, letters, words, watermark, signature, photorealistic, 3d render, soft gradients, drop shadow, busy background, clutter, low contrast"
raf__hero,RAF,hero,"bold flat vector illustration, a roundel and a jet silhouette, thick confident linework, limited palette of four flat spot colours on black, high contrast, screen-print separation, strong silhouette readable at arm's length, centred composition, isolated on solid black, no text, no lettering, no watermark, no gradient mesh, t-shirt graphic","text, letters, words, watermark, signature, photorealistic, 3d render, soft gradients, drop shadow, busy background, clutter, low contrast"
raf__insider,RAF,insider,"bold flat vector illustration, a clean technical diagram only a raf enthusiast would recognise, thick confident linework, limited palette of four flat spot colours on black, high contrast, screen-print separation, strong silhouette readable at arm's length, centred composition, isolated on solid black, no text, no lettering, no watermark, no gradient mesh, t-shirt graphic","text, letters, words, watermark, signature, photorealistic, 3d render, soft gradients, drop shadow, busy background, clutter, low contrast"
raf__mosaic,RAF,mosaic,"bold flat vector illustration, many small roundel silhouettes massed to form a large skull, thick confident linework, limited palette of four flat spot colours on black, high contrast, screen-print separation, strong silhouette readable at arm's length, centred composition, isolated on solid black, no text, no lettering, no watermark, no gradient mesh, t-shirt graphic","text, letters, words, watermark, signature, photorealistic, 3d render, soft gradients, drop shadow, busy background, clutter, low contrast"
raf__evolution,RAF,evolution,"bold flat vector illustration, four-stage silhouette progression from child to adult ending with a roundel and a jet silhouette, thick confident linework, limited palette of four flat spot colours on black, high contrast, screen-print separation, strong silhouette readable at arm's length, centred composition, isolated on solid black, no text, no lettering, no watermark, no gradient mesh, t-shirt graphic","text, letters, words, watermark, signature, photorealistic, 3d render, soft gradients, drop shadow, busy background, clutter, low contrast"
royal_marines__hero,Royal Marines,hero,"bold flat vector illustration, a commando dagger, thick confident linework, limited palette of four flat spot colours on black, high contrast, screen-print separation, strong silhouette readable at arm's length, centred composition, isolated on solid black, no text, no lettering, no watermark, no gradient mesh, t-shirt graphic","text, letters, words, watermark, signature, photorealistic, 3d render, soft gradients, drop shadow, busy background, clutter, low contrast"
royal_marines__insider,Royal Marines,insider,"bold flat vector illustration, a clean technical diagram only a royal marines enthusiast would recognise, thick confident linework, limited palette of four flat spot colours on black, high contrast, screen-print separation, strong silhouette readable at arm's length, centred composition, isolated on solid black, no text, no lettering, no watermark, no gradient mesh, t-shirt graphic","text, letters, words, watermark, signature, photorealistic, 3d render, soft gradients, drop shadow, busy background, clutter, low contrast"
royal_marines__mosaic,Royal Marines,mosaic,"bold flat vector illustration, many small dagger silhouettes massed to form a large skull, thick confident linework, limited palette of four flat spot colours on black, high contrast, screen-print separation, strong silhouette readable at arm's length, centred composition, isolated on solid black, no text, no lettering, no watermark, no gradient mesh, t-shirt graphic","text, letters, words, watermark, signature, photorealistic, 3d render, soft gradients, drop shadow, busy background, clutter, low contrast"
royal_marines__evolution,Royal Marines,evolution,"bold flat vector illustration, four-stage silhouette progression from child to adult ending with a commando dagger, thick confident linework, limited palette of four flat spot colours on black, high contrast, screen-print separation, strong silhouette readable at arm's length, centred composition, isolated on solid black, no text, no lettering, no watermark, no gradient mesh, t-shirt graphic","text, letters, words, watermark, signature, photorealistic, 3d render, soft gradients, drop shadow, busy background, clutter, low contrast"
veteran__hero,Veteran,hero,"bold flat vector illustration, a poppy and a set of medals, thick confident linework, limited palette of four flat spot colours on black, high contrast, screen-print separation, strong silhouette readable at arm's length, centred composition, isolated on solid black, no text, no lettering, no watermark, no gradient mesh, t-shirt graphic","text, letters, words, watermark, signature, photorealistic, 3d render, soft gradients, drop shadow, busy background, clutter, low contrast"
veteran__insider,Veteran,insider,"bold flat vector illustration, a clean technical diagram only a veteran enthusiast would recognise, thick confident linework, limited palette of four flat spot colours on black, high contrast, screen-print separation, strong silhouette readable at arm's length, centred composition, isolated on solid black, no text, no lettering, no watermark, no gradient mesh, t-shirt graphic","text, letters, words, watermark, signature, photorealistic, 3d render, soft gradients, drop shadow, busy background, clutter, low contrast"
veteran__mosaic,Veteran,mosaic,"bold flat vector illustration, many small medals silhouettes massed to form a large skull, thick confident linework, limited palette of four flat spot colours on black, high contrast, screen-print separation, strong silhouette readable at arm's length, centred composition, isolated on solid black, no text, no lettering, no watermark, no gradient mesh, t-shirt graphic","text, letters, words, watermark, signature, photorealistic, 3d render, soft gradients, drop shadow, busy background, clutter, low contrast"
veteran__evolution,Veteran,evolution,"bold flat vector illustration, four-stage silhouette progression from child to adult ending with a poppy and a set of medals, thick confident linework, limited palette of four flat spot colours on black, high contrast, screen-print separation, strong silhouette readable at arm's length, centred composition, isolated on solid black, no text, no lettering, no watermark, no gradient mesh, t-shirt graphic","text, letters, words, watermark, signature, photorealistic, 3d render, soft gradients, drop shadow, busy background, clutter, low contrast"
